SKU,WEEK-1,WEEK-3,WEEK-4,WEEK-2,WEEK-5
0.05,5.88,5.07,5.45,5.37,6.36
0.1,10.19,10.01,10.27,9.76,10.51
0.14,14.27,14.88,14.99,14.12,14.62
0.19,18.32,19.06,19.63,18.47,18.73
0.24,22.31,23.14,23.93,22.76,22.56
0.29,26.29,25.21,26.18,25.75,24.56
0.34,28.74,27.04,28.15,28.53,26.42
0.38,30.63,28.85,30.13,30.74,28.01
0.43,32.49,30.63,31.33,32.7,29.59
0.48,34.29,32.0,32.52,34.62,31.08
0.53,35.55,33.28,33.66,36.17,32.34
0.57,36.68,34.49,34.74,37.5,33.58
0.62,37.58,35.52,35.8,38.74,34.56
0.67,38.47,36.54,36.83,39.93,35.44
0.72,39.33,37.45,37.74,40.93,36.33
0.77,40.15,38.34,38.64,41.91,37.22
0.81,40.96,39.18,39.5,42.8,38.07
0.86,41.76,40.01,40.27,43.66,38.92
0.91,42.44,40.84,40.93,44.51,39.62
0.96,43.11,41.63,41.56,45.35,40.28
1.01,43.74,42.38,42.16,46.13,40.95
1.05,44.37,43.09,42.76,46.79,41.58
1.1,44.93,43.75,43.34,47.43,42.22
1.15,45.45,44.37,43.93,48.05,42.82
1.2,45.98,44.97,44.51,48.66,43.39
1.24,46.48,45.57,45.04,49.22,43.96
1.29,46.95,46.16,45.57,49.77,44.49
1.34,47.39,46.69,46.09,50.3,45.03
1.39,47.84,47.19,46.61,50.82,45.54
1.44,48.28,47.66,47.13,51.34,46.04
1.48,48.71,48.11,47.62,51.86,46.52
1.53,49.15,48.55,48.1,52.36,46.99
1.58,49.59,48.97,48.58,52.8,47.44
1.63,50.01,49.38,49.06,53.24,47.88
1.68,50.43,49.78,49.54,53.67,48.32
1.72,50.85,50.18,50.02,54.09,48.77
1.77,51.27,50.58,50.49,54.52,49.21
1.82,51.68,50.97,50.92,54.92,49.59
1.87,52.1,51.35,51.33,55.3,49.97
1.91,52.51,51.71,51.72,55.67,50.35
1.96,52.92,52.07,52.1,56.04,50.73
2.01,53.28,52.41,52.45,56.4,51.11
2.06,53.64,52.75,52.79,56.76,51.46
2.11,54.0,53.08,53.13,57.1,51.8
2.15,54.35,53.42,53.46,57.42,52.15
2.2,54.69,53.76,53.79,57.74,52.47
2.25,55.02,54.07,54.11,58.06,52.78
2.3,55.36,54.38,54.42,58.37,53.1
2.35,55.68,54.68,54.74,58.69,53.42
2.39,56.01,54.98,55.05,59.0,53.73
2.44,56.33,55.28,55.35,59.31,54.05
2.49,56.64,55.57,55.64,59.6,54.37
2.54,56.95,55.86,55.94,59.88,54.68
2.58,57.25,56.15,56.23,60.16,55.0
2.63,57.54,56.42,56.5,60.42,55.28
2.68,57.83,56.68,56.77,60.69,55.57
2.73,58.12,56.94,57.05,60.96,55.85
2.78,58.39,57.2,57.32,61.21,56.14
2.82,58.66,57.46,57.58,61.47,56.42
2.87,58.92,57.72,57.84,61.72,56.71
2.92,59.18,57.98,58.09,61.97,56.99
2.97,59.45,58.23,58.34,62.22,57.28
3.02,59.71,58.48,58.59,62.45,57.56
3.06,59.98,58.72,58.83,62.68,57.82
3.11,60.23,58.96,59.06,62.9,58.07
3.16,60.48,59.19,59.29,63.12,58.32
3.21,60.72,59.42,59.52,63.34,58.58
3.26,60.96,59.65,59.74,63.55,58.83
3.3,61.19,59.87,59.96,63.77,59.08
3.35,61.42,60.09,60.18,63.98,59.34
3.4,61.65,60.3,60.4,64.19,59.59
3.45,61.88,60.51,60.62,64.4,59.84
3.49,62.1,60.72,60.84,64.61,60.09
3.54,62.32,60.94,61.05,64.82,60.32
3.59,62.55,61.14,61.26,65.02,60.54
3.64,62.77,61.35,61.47,65.23,60.76
3.69,62.99,61.55,61.68,65.43,60.98
3.73,63.21,61.75,61.89,65.63,61.2
3.78,63.42,61.95,62.09,65.83,61.42
3.83,63.63,62.15,62.3,66.02,61.65
3.88,63.84,62.35,62.5,66.21,61.87
3.93,64.05,62.55,62.7,66.41,62.09
3.97,64.25,62.74,62.9,66.59,62.31
4.02,64.46,62.93,63.1,66.78,62.53
4.07,64.66,63.12,63.3,66.96,62.72
4.12,64.86,63.3,63.49,67.15,62.91
4.16,65.06,63.48,63.67,67.33,63.1
4.21,65.25,63.66,63.86,67.51,63.29
4.26,65.44,63.84,64.05,67.69,63.48
4.31,65.62,64.01,64.24,67.86,63.67
4.36,65.8,64.18,64.43,68.03,63.86
4.4,65.99,64.36,64.6,68.2,64.05
4.45,66.17,64.53,64.78,68.37,64.24
4.5,66.34,64.71,64.96,68.54,64.43
4.55,66.52,64.87,65.14,68.7,64.62
4.6,66.7,65.04,65.31,68.86,64.81
4.64,66.87,65.21,65.49,69.02,65.0
4.69,67.04,65.36,65.66,69.17,65.19
4.74,67.22,65.52,65.83,69.32,65.38
4.79,67.38,65.68,65.99,69.47,65.57
4.83,67.54,65.83,66.16,69.62,65.76
4.88,67.7,65.99,66.33,69.76,65.95
4.93,67.86,66.14,66.49,69.9,66.14
4.98,68.02,66.29,66.64,70.04,66.3
5.03,68.18,66.44,66.8,70.19,66.46
5.07,68.34,66.59,66.96,70.32,66.61
5.12,68.49,66.73,67.11,70.46,66.77
5.17,68.65,66.88,67.27,70.6,66.93
5.22,68.8,67.02,67.43,70.74,67.09
5.27,68.96,67.15,67.58,70.88,67.25
5.31,69.11,67.29,67.74,71.01,67.41
5.36,69.27,67.43,67.89,71.15,67.56
5.41,69.42,67.57,68.03,71.28,67.72
5.46,69.58,67.7,68.18,71.41,67.88
5.51,69.73,67.84,68.33,71.54,68.04
5.55,69.88,67.97,68.47,71.67,68.2
5.6,70.03,68.1,68.62,71.8,68.35
5.65,70.18,68.23,68.76,71.93,68.51
5.7,70.32,68.37,68.91,72.05,68.67
5.74,70.46,68.49,69.06,72.17,68.83
5.79,70.61,68.62,69.2,72.3,68.99
5.84,70.75,68.75,69.35,72.41,69.15
5.89,70.9,68.87,69.5,72.53,69.3
5.94,71.03,69.0,69.63,72.64,69.46
5.98,71.17,69.12,69.77,72.76,69.62
6.03,71.31,69.25,69.9,72.87,69.78
6.08,71.44,69.38,70.04,72.99,69.94
6.13,71.57,69.5,70.18,73.11,70.09
6.18,71.7,69.62,70.31,73.22,70.25
6.22,71.83,69.75,70.45,73.33,70.38
6.27,71.96,69.87,70.58,73.45,70.51
6.32,72.08,69.99,70.72,73.56,70.63
6.37,72.21,70.11,70.86,73.67,70.76
6.41,72.33,70.23,70.98,73.78,70.89
6.46,72.45,70.35,71.11,73.89,71.01
6.51,72.57,70.47,71.23,74.0,71.14
6.56,72.69,70.58,71.36,74.11,71.27
6.61,72.81,70.7,71.48,74.23,71.39
6.65,72.93,70.81,71.61,74.33,71.52
6.7,73.04,70.93,71.73,74.44,71.65
6.75,73.16,71.05,71.86,74.55,71.77
6.8,73.27,71.16,71.98,74.65,71.9
6.85,73.38,71.28,72.11,74.76,72.03
6.89,73.49,71.39,72.23,74.87,72.15
6.94,73.6,71.5,72.36,74.97,72.28
6.99,73.71,71.61,72.49,75.08,72.41
7.04,73.82,71.72,72.61,75.18,72.53
7.08,73.93,71.83,72.74,75.28,72.66
7.13,74.04,71.94,72.86,75.38,72.78
7.18,74.14,72.05,72.99,75.48,72.91
7.23,74.24,72.16,73.11,75.58,73.04
7.28,74.35,72.27,73.24,75.68,73.16
7.32,74.45,72.37,73.36,75.78,73.29
7.37,74.55,72.48,73.49,75.87,73.42
7.42,74.66,72.58,73.61,75.96,73.54
7.47,74.76,72.69,73.73,76.06,73.67
7.52,74.86,72.79,73.84,76.15,73.8
7.56,74.95,72.9,73.96,76.24,73.92
7.61,75.05,73.01,74.07,76.33,74.05
7.66,75.15,73.11,74.19,76.42,74.15
7.71,75.25,73.21,74.3,76.51,74.24
7.75,75.34,73.31,74.42,76.6,74.34
7.8,75.44,73.41,74.53,76.69,74.43
7.85,75.53,73.51,74.65,76.78,74.53
7.9,75.62,73.61,74.76,76.86,74.62
7.95,75.71,73.71,74.87,76.94,74.72
7.99,75.8,73.81,74.97,77.03,74.81
8.04,75.9,73.91,75.08,77.11,74.91
8.09,75.99,74.0,75.18,77.2,75.0
8.14,76.07,74.1,75.29,77.28,75.09
8.19,76.16,74.19,75.39,77.37,75.19
8.23,76.25,74.29,75.5,77.45,75.28
8.28,76.33,74.38,75.6,77.54,75.38
8.33,76.42,74.47,75.71,77.62,75.47
8.38,76.5,74.57,75.81,77.7,75.57
8.43,76.59,74.66,75.91,77.78,75.66
8.47,76.67,74.76,76.02,77.86,75.76
8.52,76.75,74.85,76.12,77.94,75.85
8.57,76.83,74.95,76.23,78.02,75.95
8.62,76.91,75.04,76.33,78.1,76.04
8.66,76.99,75.14,76.43,78.18,76.14
8.71,77.07,75.23,76.52,78.26,76.23
8.76,77.15,75.32,76.62,78.34,76.33
8.81,77.23,75.41,76.71,78.42,76.42
8.86,77.31,75.5,76.8,78.5,76.52
8.9,77.39,75.59,76.9,78.58,76.61
8.95,77.47,75.68,76.99,78.65,76.71
9.0,77.55,75.76,77.09,78.73,76.8
9.05,77.63,75.85,77.18,78.8,76.9
9.1,77.72,75.93,77.27,78.88,76.99
9.14,77.8,76.02,77.37,78.96,77.09
9.19,77.87,76.1,77.46,79.03,77.18
9.24,77.94,76.19,77.56,79.11,77.28
9.29,78.02,76.27,77.65,79.18,77.37
9.33,78.09,76.35,77.74,79.26,77.47
9.38,78.17,76.44,77.83,79.33,77.56
9.43,78.24,76.52,77.91,79.41,77.66
9.48,78.32,76.61,77.99,79.48,77.75
9.53,78.39,76.69,78.08,79.55,77.85
9.57,78.47,76.78,78.16,79.62,77.94
9.62,78.54,76.86,78.25,79.69,78.04
9.67,78.62,76.93,78.33,79.76,78.13
9.72,78.69,77.01,78.41,79.83,78.23
9.77,78.77,77.09,78.5,79.9,78.32
9.81,78.84,77.17,78.58,79.98,78.42
9.86,78.91,77.25,78.66,80.05,78.51
9.91,78.98,77.33,78.75,80.12,78.61
9.96,79.05,77.41,78.83,80.19,78.7
10.0,79.12,77.49,78.91,80.25,78.8
10.05,79.18,77.57,79.0,80.32,78.89
10.1,79.25,77.64,79.08,80.39,78.99
10.15,79.32,77.72,79.17,80.45,79.08
10.2,79.39,77.8,79.25,80.52,79.18
10.24,79.46,77.88,79.32,80.59,79.27
10.29,79.53,77.96,79.4,80.65,79.37
10.34,79.6,78.04,79.47,80.72,79.46
10.39,79.67,78.11,79.54,80.79,79.56
10.44,79.74,78.19,79.62,80.85,79.65
10.48,79.8,78.26,79.69,80.92,79.75
10.53,79.87,78.33,79.76,80.99,79.84
10.58,79.94,78.41,79.83,81.05,79.94
10.63,80.0,78.48,79.91,81.12,80.03
10.67,80.06,78.56,79.98,81.19,80.09
10.72,80.13,78.63,80.05,81.25,80.16
10.77,80.19,78.7,80.13,81.31,80.22
10.82,80.25,78.78,80.2,81.38,80.28
10.87,80.32,78.85,80.27,81.44,80.35
10.91,80.38,78.92,80.35,81.5,80.41
10.96,80.44,79.0,80.42,81.56,80.47
11.01,80.51,79.07,80.49,81.63,80.54
11.06,80.57,79.15,80.56,81.69,80.6
11.11,80.63,79.22,80.62,81.75,80.66
11.15,80.69,79.29,80.68,81.81,80.73
11.2,80.76,79.36,80.74,81.87,80.79
11.25,80.82,79.43,80.81,81.94,80.85
11.3,80.88,79.5,80.87,82.0,80.92
11.35,80.95,79.57,80.93,82.06,80.98
11.39,81.01,79.64,81.0,82.12,81.04
11.44,81.07,79.7,81.06,82.19,81.11
11.49,81.14,79.77,81.12,82.24,81.17
11.54,81.2,79.84,81.18,82.3,81.23
11.58,81.26,79.91,81.25,82.36,81.3
11.63,81.32,79.98,81.31,82.42,81.36
11.68,81.38,80.05,81.37,82.48,81.42
11.73,81.44,80.11,81.43,82.53,81.49
11.78,81.49,80.18,81.5,82.59,81.55
11.82,81.55,80.25,81.56,82.65,81.61
11.87,81.61,80.32,81.62,82.71,81.68
11.92,81.66,80.39,81.69,82.77,81.74
11.97,81.72,80.46,81.75,82.82,81.8
12.02,81.78,80.53,81.81,82.88,81.87
12.06,81.84,80.59,81.87,82.94,81.93
12.11,81.89,80.66,81.94,82.99,81.99
12.16,81.95,80.73,81.99,83.05,82.06
12.21,82.01,80.8,82.04,83.1,82.12
12.25,82.07,80.87,82.09,83.15,82.18
12.3,82.12,80.93,82.15,83.21,82.25
12.35,82.18,80.99,82.2,83.26,82.31
12.4,82.24,81.06,82.25,83.31,82.37
12.45,82.3,81.12,82.3,83.37,82.44
12.49,82.35,81.18,82.35,83.42,82.5
12.54,82.41,81.25,82.41,83.48,82.56
12.59,82.47,81.31,82.46,83.53,82.63
12.64,82.52,81.37,82.51,83.58,82.69
12.69,82.57,81.44,82.56,83.63,82.75
12.73,82.62,81.5,82.62,83.68,82.82
12.78,82.68,81.56,82.67,83.72,82.88
12.83,82.73,81.63,82.72,83.77,82.94
12.88,82.78,81.69,82.77,83.82,83.01
12.92,82.83,81.75,82.82,83.87,83.07
12.97,82.88,81.82,82.88,83.92,83.13
13.02,82.93,81.87,82.93,83.97,83.2
13.07,82.99,81.93,82.98,84.02,83.26
13.12,83.04,81.99,83.03,84.07,83.32
13.16,83.09,82.05,83.09,84.12,83.39
13.21,83.14,82.11,83.14,84.17,83.45
13.26,83.19,82.16,83.19,84.22,83.51
13.31,83.24,82.22,83.24,84.26,83.58
13.36,83.3,82.28,83.3,84.31,83.64
13.4,83.35,82.34,83.35,84.36,83.7
13.45,83.4,82.4,83.4,84.41,83.77
13.5,83.45,82.45,83.45,84.45,83.83
13.55,83.5,82.51,83.5,84.5,83.89
13.6,83.55,82.57,83.56,84.54,83.96
13.64,83.61,82.63,83.61,84.59,84.02
13.69,83.66,82.68,83.66,84.63,84.08
13.74,83.71,82.74,83.71,84.67,84.15
13.79,83.76,82.8,83.77,84.72,84.21
13.83,83.81,82.86,83.82,84.76,84.27
13.88,83.86,82.92,83.87,84.81,84.34
13.93,83.92,82.97,83.92,84.85,84.4
13.98,83.97,83.03,83.97,84.9,84.46
14.03,84.02,83.08,84.03,84.94,84.53
14.07,84.07,83.13,84.08,84.99,84.59
14.12,84.12,83.19,84.13,85.03,84.65
14.17,84.17,83.24,84.18,85.08,84.72
14.22,84.23,83.29,84.24,85.12,84.78
14.27,84.27,83.34,84.29,85.16,84.84
14.31,84.32,83.4,84.33,85.21,84.91
14.36,84.36,83.45,84.37,85.25,84.97
14.41,84.41,83.5,84.41,85.3,85.03
14.46,84.45,83.55,84.46,85.34,85.09
14.5,84.5,83.61,84.5,85.39,85.16
14.55,84.55,83.66,84.54,85.43,85.22
14.6,84.59,83.71,84.58,85.47,85.28
14.65,84.64,83.75,84.62,85.51,85.35
14.7,84.68,83.8,84.66,85.55,85.41
14.74,84.73,83.85,84.71,85.59,85.47
14.79,84.78,83.9,84.75,85.63,85.54
14.84,84.82,83.94,84.79,85.67,85.6
14.89,84.87,83.99,84.83,85.71,85.66
14.94,84.91,84.04,84.87,85.75,85.73
14.98,84.96,84.09,84.92,85.79,85.79
15.03,85.01,84.13,84.96,85.83,85.85
15.08,85.05,84.18,85.0,85.87,85.92
15.13,85.1,84.23,85.04,85.91,85.98
15.17,85.14,84.28,85.08,85.95,86.04
15.22,85.19,84.32,85.12,85.99,86.11
15.27,85.24,84.37,85.17,86.03,86.17
15.32,85.28,84.42,85.21,86.07,86.23
15.37,85.33,84.46,85.25,86.11,86.3
15.41,85.37,84.51,85.29,86.15,86.36
15.46,85.42,84.56,85.33,86.19,86.42
15.51,85.46,84.61,85.38,86.23,86.49
15.56,85.51,84.65,85.42,86.27,86.55
15.61,85.56,84.7,85.46,86.31,86.61
15.65,85.6,84.74,85.5,86.35,86.68
15.7,85.64,84.79,85.54,86.39,86.74
15.75,85.68,84.83,85.58,86.43,86.8
15.8,85.72,84.87,85.63,86.47,86.87
15.84,85.76,84.91,85.67,86.51,86.93
15.89,85.8,84.95,85.71,86.55,86.99
15.94,85.84,85.0,85.75,86.59,87.06
15.99,85.88,85.04,85.79,86.62,87.12
16.04,85.92,85.08,85.84,86.66,87.18
16.08,85.96,85.12,85.88,86.69,87.25
16.13,86.0,85.17,85.92,86.73,87.31
16.18,86.04,85.21,85.96,86.77,87.37
16.23,86.08,85.25,86.0,86.8,87.44
16.28,86.12,85.29,86.04,86.84,87.5
16.32,86.16,85.33,86.09,86.87,87.56
16.37,86.2,85.38,86.13,86.91,87.63
16.42,86.24,85.42,86.17,86.94,87.69
16.47,86.28,85.46,86.21,86.98,87.75
16.52,86.32,85.5,86.25,87.01,87.82
16.56,86.36,85.54,86.3,87.05,87.88
16.61,86.4,85.59,86.34,87.09,87.94
16.66,86.44,85.63,86.38,87.12,88.01
16.71,86.48,85.67,86.42,87.16,88.07
16.75,86.52,85.71,86.46,87.19,88.13
16.8,86.56,85.75,86.5,87.23,88.2
16.85,86.6,85.8,86.55,87.26,88.26
16.9,86.64,85.84,86.59,87.3,88.32
16.95,86.68,85.88,86.63,87.34,88.39
16.99,86.72,85.92,86.67,87.37,88.45
17.04,86.76,85.97,86.71,87.41,88.51
17.09,86.8,86.01,86.76,87.44,88.58
17.14,86.84,86.05,86.8,87.48,88.64
17.19,86.87,86.09,86.84,87.51,88.7
17.23,86.91,86.13,86.88,87.55,88.77
17.28,86.94,86.17,86.92,87.59,88.83
17.33,86.97,86.2,86.96,87.62,88.89
17.38,87.01,86.24,87.01,87.66,88.96
17.42,87.04,86.28,87.05,87.69,89.02
17.47,87.08,86.31,87.09,87.73,89.08
17.52,87.11,86.35,87.13,87.76,89.15
17.57,87.15,86.39,87.17,87.8,89.21
17.62,87.18,86.42,87.22,87.83,89.27
17.66,87.22,86.46,87.26,87.87,89.3
17.71,87.25,86.5,87.3,87.91,89.34
17.76,87.28,86.53,87.34,87.94,89.37
17.81,87.32,86.57,87.38,87.97,89.4
17.86,87.35,86.61,87.42,88.0,89.43
17.9,87.39,86.64,87.47,88.03,89.46
17.95,87.42,86.68,87.51,88.06,89.49
18.0,87.46,86.72,87.55,88.09,89.53
18.05,87.49,86.76,87.59,88.12,89.56
18.09,87.53,86.79,87.63,88.16,89.59
18.14,87.56,86.83,87.66,88.19,89.62
18.19,87.59,86.87,87.7,88.22,89.65
18.24,87.63,86.9,87.73,88.25,89.68
18.29,87.66,86.94,87.76,88.28,89.72
18.33,87.7,86.98,87.79,88.31,89.75
18.38,87.73,87.01,87.82,88.34,89.78
18.43,87.77,87.05,87.85,88.37,89.81
18.48,87.8,87.09,87.88,88.41,89.84
18.53,87.84,87.12,87.92,88.44,89.87
18.57,87.87,87.16,87.95,88.47,89.91
18.62,87.9,87.2,87.98,88.5,89.94
18.67,87.94,87.23,88.01,88.53,89.97
18.72,87.97,87.27,88.04,88.56,90.0
18.76,88.01,87.31,88.07,88.59,90.03
18.81,88.04,87.35,88.1,88.62,90.06
18.86,88.08,87.38,88.14,88.66,90.09
18.91,88.11,87.41,88.17,88.69,90.13
18.96,88.15,87.45,88.2,88.72,90.16
19.0,88.18,87.48,88.23,88.75,90.19
19.05,88.21,87.51,88.26,88.78,90.22
19.1,88.25,87.54,88.29,88.81,90.25
19.15,88.28,87.57,88.32,88.84,90.28
19.2,88.32,87.6,88.35,88.87,90.32
19.24,88.35,87.63,88.39,88.9,90.35
19.29,88.39,87.67,88.42,88.94,90.38
19.34,88.42,87.7,88.45,88.97,90.41
19.39,88.46,87.73,88.48,89.0,90.44
19.44,88.49,87.76,88.51,89.03,90.47
19.48,88.52,87.79,88.54,89.06,90.51
19.53,88.56,87.82,88.57,89.09,90.54
19.58,88.59,87.86,88.61,89.11,90.57
19.63,88.63,87.89,88.64,89.14,90.6
19.67,88.66,87.92,88.67,89.17,90.63
19.72,88.69,87.95,88.7,89.19,90.66
19.77,88.72,87.98,88.73,89.22,90.7
19.82,88.75,88.01,88.76,89.25,90.73
19.87,88.78,88.05,88.79,89.27,90.76
19.91,88.81,88.08,88.83,89.3,90.79
19.96,88.83,88.11,88.86,89.33,90.82
20.01,88.86,88.14,88.89,89.35,90.85
20.06,88.89,88.17,88.92,89.38,90.89
20.11,88.92,88.2,88.95,89.41,90.92
20.15,88.95,88.24,88.98,89.44,90.95
20.2,88.98,88.27,89.01,89.46,90.98
20.25,89.01,88.3,89.04,89.49,91.01
20.3,89.04,88.33,89.08,89.52,91.04
20.34,89.06,88.36,89.11,89.54,91.08
20.39,89.09,88.39,89.14,89.57,91.11
20.44,89.12,88.42,89.17,89.6,91.14
20.49,89.15,88.46,89.2,89.62,91.17
20.54,89.18,88.49,89.23,89.65,91.2
20.58,89.21,88.52,89.26,89.68,91.23
20.63,89.24,88.55,89.3,89.7,91.27
20.68,89.27,88.57,89.33,89.73,91.3
20.73,89.29,88.6,89.36,89.76,91.33
20.78,89.32,88.62,89.39,89.78,91.36
20.82,89.35,88.65,89.42,89.81,91.39
20.87,89.38,88.68,89.45,89.84,91.42
20.92,89.41,88.7,89.48,89.86,91.46
20.97,89.44,88.73,89.51,89.89,91.49
21.01,89.47,88.76,89.55,89.92,91.52
21.06,89.49,88.78,89.58,89.94,91.55
21.11,89.52,88.81,89.61,89.97,91.58
21.16,89.55,88.84,89.64,90.0,91.61
21.21,89.58,88.86,89.67,90.02,91.65
21.25,89.61,88.89,89.7,90.05,91.68
21.3,89.64,88.91,89.73,90.08,91.71
21.35,89.67,88.94,89.77,90.1,91.74
21.4,89.7,88.97,89.8,90.13,91.77
21.45,89.72,88.99,89.83,90.16,91.8
21.49,89.75,89.02,89.86,90.18,91.84
21.54,89.78,89.05,89.89,90.21,91.87
21.59,89.81,89.07,89.92,90.24,91.9
21.64,89.84,89.1,89.95,90.26,91.93
21.69,89.87,89.13,89.99,90.29,91.96
21.73,89.9,89.15,90.02,90.32,91.99
21.78,89.93,89.18,90.05,90.34,92.03
21.83,89.95,89.2,90.08,90.37,92.06
21.88,89.98,89.23,90.11,90.4,92.09
21.92,90.01,89.26,90.14,90.42,92.12
21.97,90.04,89.28,90.17,90.45,92.15
22.02,90.07,89.31,90.2,90.48,92.18
22.07,90.1,89.34,90.24,90.51,92.22
22.12,90.13,89.36,90.27,90.53,92.25
22.16,90.15,89.39,90.3,90.56,92.28
22.21,90.18,89.41,90.33,90.59,92.31
22.26,90.21,89.44,90.36,90.61,92.34
22.31,90.24,89.47,90.39,90.64,92.37
22.36,90.27,89.49,90.42,90.66,92.41
22.4,90.3,89.52,90.46,90.68,92.44
22.45,90.33,89.55,90.49,90.71,92.47
22.5,90.36,89.57,90.52,90.73,92.5
22.55,90.38,89.6,90.55,90.75,92.53
22.59,90.41,89.63,90.58,90.77,92.56
22.64,90.44,89.65,90.61,90.79,92.59
22.69,90.47,89.68,90.64,90.82,92.63
22.74,90.5,89.7,90.68,90.84,92.66
22.79,90.53,89.73,90.71,90.86,92.69
22.83,90.56,89.76,90.74,90.88,92.72
22.88,90.59,89.78,90.77,90.91,92.75
22.93,90.61,89.81,90.8,90.93,92.78
22.98,90.64,89.84,90.83,90.95,92.82
23.03,90.67,89.86,90.86,90.97,92.85
23.07,90.7,89.89,90.89,91.0,92.88
23.12,90.73,89.92,90.93,91.02,92.91
23.17,90.75,89.94,90.95,91.04,92.94
23.22,90.77,89.97,90.97,91.06,92.97
23.26,90.8,89.99,90.99,91.08,93.01
23.31,90.82,90.02,91.01,91.11,93.04
23.36,90.84,90.05,91.03,91.13,93.07
23.41,90.87,90.07,91.05,91.15,93.1
23.46,90.89,90.1,91.07,91.17,93.13
23.5,90.91,90.13,91.09,91.2,93.16
23.55,90.94,90.15,91.11,91.22,93.2
23.6,90.96,90.18,91.14,91.24,93.23
23.65,90.98,90.2,91.16,91.26,93.26
23.7,91.0,90.23,91.18,91.29,93.29
23.74,91.03,90.25,91.2,91.31,93.32
23.79,91.05,90.27,91.22,91.33,93.35
23.84,91.07,90.29,91.24,91.35,93.39
23.89,91.1,90.32,91.26,91.37,93.42
23.93,91.12,90.34,91.28,91.4,93.45
23.98,91.14,90.36,91.3,91.42,93.48
24.03,91.17,90.38,91.32,91.44,93.51
24.08,91.19,90.4,91.34,91.46,93.54
24.13,91.21,90.42,91.37,91.49,93.58
24.17,91.23,90.44,91.39,91.51,93.61
24.22,91.26,90.46,91.41,91.53,93.64
24.27,91.28,90.48,91.43,91.55,93.67
24.32,91.3,90.51,91.45,91.57,93.7
24.37,91.33,90.53,91.47,91.6,93.73
24.41,91.35,90.55,91.49,91.62,93.77
24.46,91.37,90.57,91.51,91.64,93.8
24.51,91.39,90.59,91.53,91.66,93.83
24.56,91.42,90.61,91.55,91.69,93.86
24.61,91.44,90.63,91.57,91.71,93.89
24.65,91.46,90.65,91.6,91.73,93.92
24.7,91.49,90.67,91.62,91.75,93.96
24.75,91.51,90.69,91.64,91.78,93.99
24.8,91.53,90.72,91.66,91.8,94.02
24.84,91.56,90.74,91.68,91.82,94.05
24.89,91.58,90.76,91.7,91.84,94.08
24.94,91.6,90.78,91.72,91.86,94.11
24.99,91.62,90.8,91.74,91.89,94.15
25.04,91.65,90.82,91.76,91.91,94.18
25.08,91.67,90.84,91.78,91.93,94.21
25.13,91.69,90.86,91.8,91.95,94.24
25.18,91.72,90.88,91.83,91.98,94.27
25.23,91.74,90.91,91.85,92.0,94.3
25.28,91.76,90.93,91.87,92.02,94.34
25.32,91.79,90.95,91.89,92.04,94.37
25.37,91.81,90.97,91.91,92.07,94.4
25.42,91.83,90.99,91.93,92.09,94.43
25.47,91.85,91.01,91.95,92.11,94.46
25.51,91.88,91.03,91.97,92.13,94.49
25.56,91.9,91.05,91.99,92.15,94.53
25.61,91.92,91.07,92.01,92.18,94.56
25.66,91.95,91.09,92.03,92.2,94.59
25.71,91.97,91.12,92.06,92.22,94.62
25.75,91.99,91.14,92.08,92.24,94.65
25.8,92.01,91.16,92.1,92.27,94.68
25.85,92.04,91.18,92.12,92.29,94.72
25.9,92.06,91.2,92.14,92.31,94.75
25.95,92.08,91.22,92.16,92.33,94.78
25.99,92.11,91.24,92.18,92.36,94.81
26.04,92.13,91.26,92.2,92.38,94.84
26.09,92.15,91.28,92.22,92.4,94.87
26.14,92.18,91.31,92.24,92.42,94.91
26.18,92.2,91.33,92.26,92.44,94.94
26.23,92.22,91.35,92.29,92.47,94.97
26.28,92.24,91.37,92.31,92.49,95.0
26.33,92.27,91.39,92.33,92.51,95.03
26.38,92.29,91.41,92.35,92.52,95.06
26.42,92.31,91.43,92.37,92.54,95.09
26.47,92.34,91.45,92.39,92.56,95.13
26.52,92.36,91.47,92.41,92.58,95.16
26.57,92.38,91.5,92.43,92.6,95.19
26.62,92.41,91.52,92.45,92.61,95.22
26.66,92.43,91.54,92.47,92.63,95.25
26.71,92.45,91.56,92.49,92.65,95.28
26.76,92.47,91.58,92.52,92.67,95.32
26.81,92.5,91.6,92.54,92.68,95.35
26.85,92.52,91.62,92.56,92.7,95.38
26.9,92.54,91.64,92.58,92.72,95.41
26.95,92.57,91.66,92.6,92.74,95.44
27.0,92.59,91.68,92.62,92.76,95.47
27.05,92.61,91.71,92.64,92.77,95.51
27.09,92.63,91.73,92.66,92.79,95.54
27.14,92.66,91.75,92.68,92.81,95.57
27.19,92.68,91.77,92.7,92.83,95.6
27.24,92.7,91.79,92.72,92.85,95.63
27.29,92.73,91.81,92.75,92.86,95.66
27.33,92.75,91.83,92.77,92.88,95.7
27.38,92.77,91.85,92.79,92.9,95.73
27.43,92.8,91.87,92.81,92.92,95.76
27.48,92.82,91.9,92.83,92.93,95.79
27.53,92.84,91.92,92.85,92.95,95.82
27.57,92.85,91.94,92.87,92.97,95.85
27.62,92.87,91.96,92.89,92.99,95.89
27.67,92.89,91.98,92.91,93.01,95.92
27.72,92.9,92.0,92.93,93.02,95.95
27.76,92.92,92.02,92.95,93.04,95.98
27.81,92.94,92.04,92.98,93.06,96.01
27.86,92.96,92.06,93.0,93.08,96.04
27.91,92.97,92.08,93.02,93.09,96.08
27.96,92.99,92.11,93.04,93.11,96.11
28.0,93.01,92.13,93.06,93.13,96.14
28.05,93.03,92.15,93.08,93.15,96.17
28.1,93.04,92.17,93.1,93.17,96.2
28.15,93.06,92.19,93.12,93.18,96.23
28.2,93.08,92.21,93.14,93.2,96.27
28.24,93.09,92.23,93.16,93.22,96.3
28.29,93.11,92.25,93.18,93.24,96.33
28.34,93.13,92.27,93.21,93.26,96.36
28.39,93.15,92.3,93.23,93.27,96.39
28.43,93.16,92.32,93.25,93.29,96.42
28.48,93.18,92.34,93.27,93.31,96.46
28.53,93.2,92.36,93.29,93.33,96.49
28.58,93.21,92.38,93.31,93.34,96.52
28.63,93.23,92.4,93.33,93.36,96.55
28.67,93.25,92.42,93.35,93.38,96.58
28.72,93.27,92.44,93.37,93.4,96.61
28.77,93.28,92.46,93.39,93.42,96.65
28.82,93.3,92.49,93.41,93.43,96.68
28.87,93.32,92.51,93.44,93.45,96.71
28.91,93.34,92.53,93.46,93.47,96.74
28.96,93.35,92.55,93.48,93.49,96.77
29.01,93.37,92.57,93.5,93.51,96.8
29.06,93.39,92.59,93.52,93.52,96.84
29.1,93.4,92.61,93.54,93.54,96.87
29.15,93.42,92.63,93.56,93.56,96.9
29.2,93.44,92.65,93.58,93.58,96.93
29.25,93.46,92.66,93.6,93.59,96.96
29.3,93.47,92.68,93.62,93.61,96.99
29.34,93.49,92.7,93.64,93.63,97.03
29.39,93.51,92.71,93.67,93.65,97.06
29.44,93.52,92.73,93.69,93.67,97.09
29.49,93.54,92.74,93.71,93.68,97.12
29.54,93.56,92.76,93.73,93.7,97.15
29.58,93.58,92.77,93.75,93.72,97.18
29.63,93.59,92.79,93.77,93.74,97.22
29.68,93.61,92.81,93.79,93.75,97.25
29.73,93.63,92.82,93.81,93.77,97.28
29.78,93.65,92.84,93.83,93.79,97.31
29.82,93.66,92.85,93.85,93.81,97.34
29.87,93.68,92.87,93.87,93.83,97.37
29.92,93.7,92.89,93.9,93.84,97.41
29.97,93.71,92.9,93.92,93.86,97.44
30.01,93.73,92.92,93.94,93.88,97.47
30.06,93.75,92.93,93.96,93.9,97.5
30.11,93.77,92.95,93.98,93.91,97.53
30.16,93.78,92.96,94.0,93.92,97.56
30.21,93.8,92.98,94.02,93.94,97.59
30.25,93.82,93.0,94.04,93.95,97.63
30.3,93.83,93.01,94.06,93.96,97.66
30.35,93.85,93.03,94.08,93.98,97.69
30.4,93.87,93.04,94.1,93.99,97.72
30.45,93.89,93.06,94.13,94.0,97.75
30.49,93.9,93.07,94.15,94.02,97.78
30.54,93.92,93.09,94.17,94.03,97.82
30.59,93.94,93.11,94.19,94.04,97.85
30.64,93.96,93.12,94.21,94.06,97.88
30.68,93.97,93.14,94.23,94.07,97.91
30.73,93.99,93.15,94.25,94.08,97.94
30.78,94.01,93.17,94.27,94.1,97.97
30.83,94.02,93.19,94.29,94.11,98.01
30.88,94.04,93.2,94.31,94.12,98.04
30.92,94.06,93.22,94.33,94.14,98.07
30.97,94.08,93.23,94.36,94.15,98.1
31.02,94.09,93.25,94.38,94.16,98.13
31.07,94.11,93.26,94.4,94.18,98.16
31.12,94.13,93.28,94.42,94.19,98.2
31.16,94.14,93.3,94.44,94.2,98.23
31.21,94.16,93.31,94.46,94.22,98.26
31.26,94.18,93.33,94.48,94.23,98.29
31.31,94.2,93.34,94.5,94.25,98.32
31.35,94.21,93.36,94.52,94.26,98.35
31.4,94.23,93.38,94.54,94.27,98.39
31.45,94.25,93.39,94.56,94.29,98.42
31.5,94.27,93.41,94.58,94.3,98.45
31.55,94.28,93.42,94.61,94.31,98.48
31.59,94.3,93.44,94.63,94.33,98.51
31.64,94.32,93.45,94.65,94.34,98.54
31.69,94.33,93.47,94.67,94.35,98.58
31.74,94.35,93.49,94.69,94.37,98.61
31.79,94.37,93.5,94.71,94.38,98.64
31.83,94.39,93.52,94.73,94.39,98.67
31.88,94.4,93.53,94.75,94.41,98.7
31.93,94.42,93.55,94.77,94.42,98.73
31.98,94.44,93.56,94.79,94.43,98.77
32.02,94.45,93.58,94.81,94.45,98.8
32.07,94.47,93.6,94.84,94.46,98.83
32.12,94.49,93.61,94.86,94.47,98.86
32.17,94.51,93.63,94.88,94.49,98.89
32.22,94.52,93.64,94.9,94.5,98.92
32.26,94.54,93.66,94.92,94.51,98.96
32.31,94.56,93.68,94.94,94.53,98.99
32.36,94.58,93.69,94.96,94.54,99.02
32.41,94.59,93.71,94.98,94.55,99.05
32.46,94.61,93.72,95.0,94.57,99.08
32.5,94.63,93.74,95.02,94.58,99.11
32.55,94.64,93.75,95.04,94.59,99.15
32.6,94.66,93.77,95.07,94.61,99.18
32.65,94.68,93.79,95.09,94.62,99.21
32.7,94.7,93.8,95.11,94.63,99.24
32.74,94.71,93.82,95.13,94.65,99.27
32.79,94.73,93.83,95.15,94.66,99.3
32.84,94.75,93.85,95.17,94.67,99.34
32.89,94.76,93.86,95.19,94.69,99.37
32.93,94.78,93.88,95.21,94.7,99.4
32.98,94.8,93.9,95.23,94.71,99.43
33.03,94.82,93.91,95.25,94.73,99.46
33.08,94.83,93.93,95.27,94.74,99.49
33.13,94.85,93.94,95.3,94.75,99.53
33.17,94.87,93.96,95.32,94.77,99.56
33.22,94.89,93.98,95.34,94.78,99.59
33.27,94.9,93.99,95.36,94.79,99.62
33.32,94.92,94.01,95.38,94.81,99.65
33.37,94.94,94.02,95.4,94.82,99.68
33.41,94.95,94.04,95.42,94.83,99.72
33.46,94.97,94.05,95.43,94.85,99.75
33.51,94.98,94.07,95.44,94.86,99.78
33.56,94.99,94.09,95.45,94.87,99.81
33.6,95.01,94.1,95.46,94.89,99.84
33.65,95.02,94.12,95.47,94.9,99.87
33.7,95.03,94.13,95.48,94.91,99.91
33.75,95.04,94.15,95.49,94.93,99.94
33.8,95.05,94.17,95.5,94.94,99.97
33.84,95.06,94.18,95.52,94.95,100.0
33.89,95.07,94.2,95.53,94.97,100.0
33.94,95.09,94.21,95.54,94.98,100.0
33.99,95.1,94.23,95.55,94.99,100.0
34.04,95.11,94.24,95.56,95.01,100.0
34.08,95.12,94.26,95.57,95.02,100.0
34.13,95.13,94.28,95.58,95.03,100.0
34.18,95.14,94.29,95.59,95.05,100.0
34.23,95.15,94.31,95.6,95.06,100.0
34.27,95.17,94.32,95.61,95.07,100.0
34.32,95.18,94.34,95.62,95.09,100.0
34.37,95.19,94.35,95.63,95.1,100.0
34.42,95.2,94.37,95.64,95.11,100.0
34.47,95.21,94.39,95.65,95.13,100.0
34.51,95.22,94.4,95.66,95.14,100.0
34.56,95.24,94.42,95.67,95.15,100.0
34.61,95.25,94.43,95.68,95.17,100.0
34.66,95.26,94.45,95.69,95.18,100.0
34.71,95.27,94.47,95.7,95.19,100.0
34.75,95.28,94.48,95.71,95.21,100.0
34.8,95.29,94.5,95.72,95.22,100.0
34.85,95.3,94.51,95.73,95.23,100.0
34.9,95.32,94.53,95.75,95.25,100.0
34.94,95.33,94.54,95.76,95.26,100.0
34.99,95.34,94.56,95.77,95.27,100.0
35.04,95.35,94.58,95.78,95.29,100.0
35.09,95.36,94.59,95.79,95.3,100.0
35.14,95.37,94.61,95.8,95.31,100.0
35.18,95.38,94.62,95.81,95.33,100.0
35.23,95.4,94.64,95.82,95.34,100.0
35.28,95.41,94.65,95.83,95.36,100.0
35.33,95.42,94.67,95.84,95.37,100.0
35.38,95.43,94.69,95.85,95.38,100.0
35.42,95.44,94.7,95.86,95.4,100.0
35.47,95.45,94.72,95.87,95.41,100.0
35.52,95.46,94.73,95.88,95.42,100.0
35.57,95.48,94.75,95.89,95.44,100.0
35.62,95.49,94.77,95.9,95.45,100.0
35.66,95.5,94.78,95.91,95.46,100.0
35.71,95.51,94.8,95.92,95.48,100.0
35.76,95.52,94.81,95.93,95.49,100.0
35.81,95.53,94.83,95.94,95.5,100.0
35.85,95.55,94.84,95.95,95.52,100.0
35.9,95.56,94.86,95.96,95.53,100.0
35.95,95.57,94.88,95.98,95.54,100.0
36.0,95.58,94.89,95.99,95.56,100.0
36.05,95.59,94.91,96.0,95.57,100.0
36.09,95.6,94.92,96.01,95.58,100.0
36.14,95.61,94.94,96.02,95.6,100.0
36.19,95.63,94.95,96.03,95.61,100.0
36.24,95.64,94.97,96.04,95.62,100.0
36.29,95.65,94.98,96.05,95.64,100.0
36.33,95.66,94.99,96.06,95.65,100.0
36.38,95.67,95.0,96.07,95.66,100.0
36.43,95.68,95.01,96.08,95.68,100.0
36.48,95.69,95.02,96.09,95.69,100.0
36.52,95.71,95.03,96.1,95.7,100.0
36.57,95.72,95.04,96.11,95.72,100.0
36.62,95.73,95.05,96.12,95.73,100.0
36.67,95.74,95.06,96.13,95.74,100.0
36.72,95.75,95.07,96.14,95.76,100.0
36.76,95.76,95.08,96.15,95.77,100.0
36.81,95.77,95.09,96.16,95.78,100.0
36.86,95.79,95.1,96.17,95.8,100.0
36.91,95.8,95.11,96.18,95.81,100.0
36.96,95.81,95.12,96.19,95.82,100.0
37.0,95.82,95.13,96.21,95.84,100.0
37.05,95.83,95.14,96.22,95.85,100.0
37.1,95.84,95.16,96.23,95.86,100.0
37.15,95.86,95.17,96.24,95.88,100.0
37.19,95.87,95.18,96.25,95.89,100.0
37.24,95.88,95.19,96.26,95.9,100.0
37.29,95.89,95.2,96.27,95.92,100.0
37.34,95.9,95.21,96.28,95.93,100.0
37.39,95.91,95.22,96.29,95.94,100.0
37.43,95.92,95.23,96.3,95.95,100.0
37.48,95.94,95.24,96.31,95.96,100.0
37.53,95.95,95.25,96.32,95.97,100.0
37.58,95.96,95.26,96.33,95.97,100.0
37.63,95.97,95.27,96.34,95.98,100.0
37.67,95.98,95.28,96.35,95.99,100.0
37.72,95.99,95.29,96.36,96.0,100.0
37.77,96.0,95.3,96.37,96.01,100.0
37.82,96.02,95.31,96.38,96.02,100.0
37.87,96.03,95.32,96.39,96.03,100.0
37.91,96.04,95.33,96.4,96.04,100.0
37.96,96.05,95.34,96.41,96.05,100.0
38.01,96.06,95.36,96.42,96.05,100.0
38.06,96.07,95.37,96.44,96.06,100.0
38.1,96.08,95.38,96.45,96.07,100.0
38.15,96.1,95.39,96.46,96.08,100.0
38.2,96.11,95.4,96.47,96.09,100.0
38.25,96.12,95.41,96.48,96.1,100.0
38.3,96.13,95.42,96.49,96.11,100.0
38.34,96.14,95.43,96.5,96.12,100.0
38.39,96.15,95.44,96.51,96.13,100.0
38.44,96.17,95.45,96.52,96.14,100.0
38.49,96.18,95.46,96.53,96.14,100.0
38.54,96.19,95.47,96.54,96.15,100.0
38.58,96.2,95.48,96.55,96.16,100.0
38.63,96.21,95.49,96.56,96.17,100.0
38.68,96.22,95.5,96.57,96.18,100.0
38.73,96.23,95.51,96.58,96.19,100.0
38.77,96.25,95.52,96.59,96.2,100.0
38.82,96.26,95.53,96.6,96.21,100.0
38.87,96.27,95.54,96.61,96.22,100.0
38.92,96.28,95.56,96.62,96.22,100.0
38.97,96.29,95.57,96.63,96.23,100.0
39.01,96.3,95.58,96.64,96.24,100.0
39.06,96.31,95.59,96.65,96.25,100.0
39.11,96.33,95.6,96.67,96.26,100.0
39.16,96.34,95.61,96.68,96.27,100.0
39.21,96.35,95.62,96.69,96.28,100.0
39.25,96.36,95.63,96.7,96.29,100.0
39.3,96.37,95.64,96.71,96.3,100.0
39.35,96.38,95.65,96.72,96.3,100.0
39.4,96.39,95.66,96.73,96.31,100.0
39.44,96.41,95.67,96.74,96.32,100.0
39.49,96.42,95.68,96.75,96.33,100.0
39.54,96.43,95.69,96.76,96.34,100.0
39.59,96.44,95.7,96.77,96.35,100.0
39.64,96.45,95.71,96.78,96.36,100.0
39.68,96.46,95.72,96.79,96.37,100.0
39.73,96.48,95.73,96.8,96.38,100.0
39.78,96.49,95.74,96.81,96.38,100.0
39.83,96.5,95.76,96.82,96.39,100.0
39.88,96.51,95.77,96.83,96.4,100.0
39.92,96.52,95.78,96.84,96.41,100.0
39.97,96.53,95.79,96.85,96.42,100.0
40.02,96.54,95.8,96.86,96.43,100.0
40.07,96.56,95.81,96.87,96.44,100.0
40.11,96.57,95.82,96.88,96.45,100.0
40.16,96.58,95.83,96.9,96.46,100.0
40.21,96.59,95.84,96.91,96.47,100.0
40.26,96.6,95.85,96.92,96.47,100.0
40.31,96.61,95.86,96.93,96.48,100.0
40.35,96.62,95.87,96.94,96.49,100.0
40.4,96.64,95.88,96.95,96.5,100.0
40.45,96.65,95.89,96.96,96.51,100.0
40.5,96.66,95.9,96.97,96.52,100.0
40.55,96.67,95.91,96.98,96.53,100.0
40.59,96.68,95.92,96.99,96.54,100.0
40.64,96.69,95.93,97.0,96.55,100.0
40.69,96.7,95.95,97.01,96.55,100.0
40.74,96.72,95.96,97.02,96.56,100.0
40.79,96.73,95.97,97.03,96.57,100.0
40.83,96.74,95.98,97.04,96.58,100.0
40.88,96.75,95.99,97.05,96.59,100.0
40.93,96.76,96.0,97.06,96.6,100.0
40.98,96.77,96.01,97.07,96.61,100.0
41.02,96.79,96.02,97.08,96.62,100.0
41.07,96.8,96.03,97.09,96.63,100.0
41.12,96.81,96.04,97.1,96.63,100.0
41.17,96.82,96.05,97.11,96.64,100.0
41.22,96.83,96.06,97.13,96.65,100.0
41.26,96.84,96.07,97.14,96.66,100.0
41.31,96.85,96.08,97.15,96.67,100.0
41.36,96.87,96.09,97.16,96.68,100.0
41.41,96.88,96.1,97.17,96.69,100.0
41.46,96.89,96.11,97.18,96.7,100.0
41.5,96.9,96.12,97.19,96.71,100.0
41.55,96.91,96.13,97.2,96.71,100.0
41.6,96.92,96.15,97.21,96.72,100.0
41.65,96.93,96.16,97.22,96.73,100.0
41.69,96.95,96.17,97.23,96.74,100.0
41.74,96.96,96.18,97.24,96.75,100.0
41.79,96.97,96.19,97.25,96.76,100.0
41.84,96.98,96.2,97.26,96.77,100.0
41.89,96.99,96.21,97.27,96.78,100.0
41.93,97.0,96.22,97.28,96.79,100.0
41.98,97.01,96.23,97.29,96.79,100.0
42.03,97.03,96.24,97.3,96.8,100.0
42.08,97.04,96.25,97.31,96.81,100.0
42.13,97.05,96.26,97.32,96.82,100.0
42.17,97.06,96.27,97.33,96.83,100.0
42.22,97.07,96.28,97.34,96.84,100.0
42.27,97.08,96.29,97.36,96.85,100.0
42.32,97.1,96.3,97.37,96.86,100.0
42.36,97.11,96.31,97.38,96.87,100.0
42.41,97.12,96.32,97.39,96.88,100.0
42.46,97.13,96.33,97.4,96.88,100.0
42.51,97.14,96.35,97.41,96.89,100.0
42.56,97.15,96.36,97.42,96.9,100.0
42.6,97.16,96.37,97.43,96.91,100.0
42.65,97.18,96.38,97.44,96.92,100.0
42.7,97.19,96.39,97.45,96.93,100.0
42.75,97.2,96.4,97.46,96.94,100.0
42.8,97.21,96.41,97.47,96.95,100.0
42.84,97.22,96.42,97.48,96.96,100.0
42.89,97.23,96.43,97.49,96.96,100.0
42.94,97.24,96.44,97.5,96.97,100.0
42.99,97.26,96.45,97.51,96.98,100.0
43.03,97.27,96.46,97.52,96.99,100.0
43.08,97.28,96.47,97.53,97.0,100.0
43.13,97.29,96.48,97.54,97.01,100.0
43.18,97.3,96.49,97.55,97.02,100.0
43.23,97.31,96.5,97.56,97.03,100.0
43.27,97.32,96.51,97.57,97.04,100.0
43.32,97.34,96.52,97.59,97.04,100.0
43.37,97.35,96.53,97.6,97.05,100.0
43.42,97.36,96.55,97.61,97.06,100.0
43.47,97.37,96.56,97.62,97.07,100.0
43.51,97.38,96.57,97.63,97.08,100.0
43.56,97.39,96.58,97.64,97.09,100.0
43.61,97.4,96.59,97.65,97.1,100.0
43.66,97.41,96.6,97.66,97.11,100.0
43.71,97.41,96.61,97.67,97.12,100.0
43.75,97.42,96.62,97.68,97.12,100.0
43.8,97.42,96.63,97.69,97.13,100.0
43.85,97.43,96.64,97.7,97.14,100.0
43.9,97.43,96.65,97.71,97.15,100.0
43.94,97.44,96.66,97.72,97.16,100.0
43.99,97.45,96.67,97.73,97.17,100.0
44.04,97.45,96.68,97.74,97.18,100.0
44.09,97.46,96.69,97.75,97.19,100.0
44.14,97.46,96.7,97.76,97.2,100.0
44.18,97.47,96.71,97.77,97.21,100.0
44.23,97.47,96.72,97.78,97.21,100.0
44.28,97.48,96.73,97.79,97.22,100.0
44.33,97.49,96.75,97.8,97.23,100.0
44.38,97.49,96.76,97.82,97.24,100.0
44.42,97.5,96.77,97.83,97.25,100.0
44.47,97.5,96.78,97.84,97.26,100.0
44.52,97.51,96.79,97.85,97.27,100.0
44.57,97.51,96.8,97.86,97.28,100.0
44.61,97.52,96.81,97.87,97.29,100.0
44.66,97.53,96.82,97.88,97.29,100.0
44.71,97.53,96.83,97.89,97.3,100.0
44.76,97.54,96.84,97.9,97.31,100.0
44.81,97.54,96.85,97.91,97.32,100.0
44.85,97.55,96.86,97.92,97.33,100.0
44.9,97.55,96.87,97.93,97.34,100.0
44.95,97.56,96.88,97.94,97.35,100.0
45.0,97.57,96.89,97.95,97.36,100.0
45.05,97.57,96.9,97.96,97.37,100.0
45.09,97.58,96.91,97.97,97.37,100.0
45.14,97.58,96.92,97.98,97.38,100.0
45.19,97.59,96.94,97.99,97.39,100.0
45.24,97.59,96.95,98.0,97.4,100.0
45.28,97.6,96.96,98.01,97.41,100.0
45.33,97.61,96.97,98.02,97.42,100.0
45.38,97.61,96.98,98.03,97.43,100.0
45.43,97.62,96.99,98.05,97.44,100.0
45.48,97.62,97.0,98.06,97.45,100.0
45.52,97.63,97.01,98.07,97.45,100.0
45.57,97.63,97.02,98.08,97.46,100.0
45.62,97.64,97.03,98.09,97.47,100.0
45.67,97.65,97.04,98.1,97.48,100.0
45.72,97.65,97.05,98.11,97.49,100.0
45.76,97.66,97.06,98.12,97.5,100.0
45.81,97.66,97.07,98.13,97.51,100.0
45.86,97.67,97.08,98.14,97.52,100.0
45.91,97.68,97.09,98.15,97.53,100.0
45.96,97.68,97.1,98.16,97.53,100.0
46.0,97.69,97.11,98.17,97.54,100.0
46.05,97.69,97.12,98.18,97.55,100.0
46.1,97.7,97.14,98.19,97.56,100.0
46.15,97.7,97.15,98.2,97.57,100.0
46.19,97.71,97.16,98.21,97.58,100.0
46.24,97.72,97.17,98.22,97.59,100.0
46.29,97.72,97.18,98.23,97.6,100.0
46.34,97.73,97.19,98.24,97.61,100.0
46.39,97.73,97.2,98.25,97.62,100.0
46.43,97.74,97.21,98.26,97.62,100.0
46.48,97.74,97.22,98.28,97.63,100.0
46.53,97.75,97.23,98.29,97.64,100.0
46.58,97.76,97.24,98.3,97.65,100.0
46.63,97.76,97.25,98.31,97.66,100.0
46.67,97.77,97.26,98.32,97.67,100.0
46.72,97.77,97.27,98.33,97.68,100.0
46.77,97.78,97.28,98.34,97.69,100.0
46.82,97.78,97.29,98.35,97.7,100.0
46.86,97.79,97.3,98.36,97.7,100.0
46.91,97.8,97.31,98.37,97.71,100.0
46.96,97.8,97.32,98.38,97.72,100.0
47.01,97.81,97.34,98.39,97.73,100.0
47.06,97.81,97.35,98.4,97.74,100.0
47.1,97.82,97.36,98.41,97.75,100.0
47.15,97.82,97.37,98.42,97.76,100.0
47.2,97.83,97.38,98.43,97.77,100.0
47.25,97.84,97.39,98.44,97.78,100.0
47.3,97.84,97.4,98.45,97.78,100.0
47.34,97.85,97.41,98.46,97.79,100.0
47.39,97.85,97.42,98.47,97.8,100.0
47.44,97.86,97.43,98.48,97.81,100.0
47.49,97.86,97.44,98.49,97.82,100.0
47.53,97.87,97.45,98.51,97.83,100.0
47.58,97.88,97.46,98.52,97.84,100.0
47.63,97.88,97.47,98.53,97.85,100.0
47.68,97.89,97.48,98.54,97.86,100.0
47.73,97.89,97.49,98.55,97.86,100.0
47.77,97.9,97.5,98.56,97.87,100.0
47.82,97.9,97.51,98.57,97.88,100.0
47.87,97.91,97.52,98.58,97.89,100.0
47.92,97.92,97.54,98.59,97.9,100.0
47.97,97.92,97.55,98.6,97.91,100.0
48.01,97.93,97.56,98.61,97.92,100.0
48.06,97.93,97.57,98.62,97.93,100.0
48.11,97.94,97.57,98.63,97.94,100.0
48.16,97.94,97.58,98.64,97.94,100.0
48.2,97.95,97.58,98.65,97.95,100.0
48.25,97.96,97.59,98.66,97.96,100.0
48.3,97.96,97.59,98.67,97.97,100.0
48.35,97.97,97.6,98.68,97.98,100.0
48.4,97.97,97.6,98.69,97.99,100.0
48.44,97.98,97.61,98.7,98.0,100.0
48.49,97.99,97.61,98.71,98.01,100.0
48.54,97.99,97.62,98.72,98.02,100.0
48.59,98.0,97.62,98.74,98.03,100.0
48.64,98.0,97.63,98.75,98.03,100.0
48.68,98.01,97.64,98.76,98.04,100.0
48.73,98.01,97.64,98.77,98.04,100.0
48.78,98.02,97.65,98.78,98.05,100.0
48.83,98.03,97.65,98.79,98.05,100.0
48.88,98.03,97.66,98.8,98.06,100.0
48.92,98.04,97.66,98.81,98.06,100.0
48.97,98.04,97.67,98.82,98.07,100.0
49.02,98.05,97.67,98.83,98.07,100.0
49.07,98.05,97.68,98.84,98.07,100.0
49.11,98.06,97.68,98.85,98.08,100.0
49.16,98.07,97.69,98.86,98.08,100.0
49.21,98.07,97.69,98.87,98.09,100.0
49.26,98.08,97.7,98.88,98.09,100.0
49.31,98.08,97.7,98.89,98.1,100.0
49.35,98.09,97.71,98.9,98.1,100.0
49.4,98.09,97.71,98.91,98.11,100.0
49.45,98.1,97.72,98.92,98.11,100.0
49.5,98.11,97.72,98.93,98.11,100.0
49.55,98.11,97.73,98.94,98.12,100.0
49.59,98.12,97.74,98.95,98.12,100.0
49.64,98.12,97.74,98.97,98.13,100.0
49.69,98.13,97.75,98.98,98.13,100.0
49.74,98.13,97.75,98.99,98.14,100.0
49.78,98.14,97.76,99.0,98.14,100.0
49.83,98.15,97.76,99.01,98.15,100.0
49.88,98.15,97.77,99.02,98.15,100.0
49.93,98.16,97.77,99.03,98.15,100.0
49.98,98.16,97.78,99.04,98.16,100.0
50.02,98.17,97.78,99.05,98.16,100.0
50.07,98.17,97.79,99.06,98.17,100.0
50.12,98.18,97.79,99.07,98.17,100.0
50.17,98.19,97.8,99.08,98.18,100.0
50.22,98.19,97.8,99.09,98.18,100.0
50.26,98.2,97.81,99.1,98.19,100.0
50.31,98.2,97.81,99.11,98.19,100.0
50.36,98.21,97.82,99.12,98.19,100.0
50.41,98.21,97.83,99.13,98.2,100.0
50.45,98.22,97.83,99.14,98.2,100.0
50.5,98.23,97.84,99.15,98.21,100.0
50.55,98.23,97.84,99.16,98.21,100.0
50.6,98.24,97.85,99.17,98.22,100.0
50.65,98.24,97.85,99.18,98.22,100.0
50.69,98.25,97.86,99.2,98.23,100.0
50.74,98.25,97.86,99.21,98.23,100.0
50.79,98.26,97.87,99.22,98.23,100.0
50.84,98.27,97.87,99.23,98.24,100.0
50.89,98.27,97.88,99.24,98.24,100.0
50.93,98.28,97.88,99.25,98.25,100.0
50.98,98.28,97.89,99.26,98.25,100.0
51.03,98.29,97.89,99.27,98.26,100.0
51.08,98.3,97.9,99.28,98.26,100.0
51.12,98.3,97.9,99.29,98.27,100.0
51.17,98.31,97.91,99.3,98.27,100.0
51.22,98.31,97.91,99.31,98.27,100.0
51.27,98.32,97.92,99.32,98.28,100.0
51.32,98.32,97.93,99.33,98.28,100.0
51.36,98.33,97.93,99.34,98.29,100.0
51.41,98.34,97.94,99.35,98.29,100.0
51.46,98.34,97.94,99.36,98.3,100.0
51.51,98.35,97.95,99.37,98.3,100.0
51.56,98.35,97.95,99.38,98.31,100.0
51.6,98.36,97.96,99.39,98.31,100.0
51.65,98.36,97.96,99.4,98.31,100.0
51.7,98.37,97.97,99.41,98.32,100.0
51.75,98.38,97.97,99.43,98.32,100.0
51.8,98.38,97.98,99.44,98.33,100.0
51.84,98.39,97.98,99.45,98.33,100.0
51.89,98.39,97.99,99.46,98.34,100.0
51.94,98.4,97.99,99.47,98.34,100.0
51.99,98.4,98.0,99.48,98.35,100.0
52.03,98.41,98.0,99.49,98.35,100.0
52.08,98.42,98.01,99.5,98.36,100.0
52.13,98.42,98.01,99.51,98.36,100.0
52.18,98.43,98.02,99.52,98.36,100.0
52.23,98.43,98.03,99.53,98.37,100.0
52.27,98.44,98.03,99.54,98.37,100.0
52.32,98.44,98.04,99.55,98.38,100.0
52.37,98.45,98.04,99.56,98.38,100.0
52.42,98.46,98.05,99.57,98.39,100.0
52.47,98.46,98.05,99.58,98.39,100.0
52.51,98.47,98.06,99.59,98.4,100.0
52.56,98.47,98.06,99.6,98.4,100.0
52.61,98.48,98.07,99.61,98.4,100.0
52.66,98.48,98.07,99.62,98.41,100.0
52.7,98.49,98.08,99.63,98.41,100.0
52.75,98.5,98.08,99.64,98.42,100.0
52.8,98.5,98.09,99.66,98.42,100.0
52.85,98.51,98.09,99.67,98.43,100.0
52.9,98.51,98.1,99.68,98.43,100.0
52.94,98.52,98.1,99.69,98.44,100.0
52.99,98.52,98.11,99.7,98.44,100.0
53.04,98.53,98.11,99.71,98.44,100.0
53.09,98.54,98.12,99.72,98.45,100.0
53.14,98.54,98.13,99.73,98.45,100.0
53.18,98.55,98.13,99.74,98.46,100.0
53.23,98.55,98.14,99.75,98.46,100.0
53.28,98.56,98.14,99.76,98.47,100.0
53.33,98.56,98.15,99.77,98.47,100.0
53.37,98.57,98.15,99.78,98.48,100.0
53.42,98.58,98.16,99.79,98.48,100.0
53.47,98.58,98.16,99.8,98.48,100.0
53.52,98.59,98.17,99.81,98.49,100.0
53.57,98.59,98.17,99.82,98.49,100.0
53.61,98.6,98.18,99.83,98.5,100.0
53.66,98.61,98.18,99.84,98.5,100.0
53.71,98.61,98.19,99.85,98.51,100.0
53.76,98.62,98.19,99.86,98.51,100.0
53.81,98.62,98.2,99.87,98.52,100.0
53.85,98.63,98.2,99.89,98.52,100.0
53.9,98.63,98.21,99.9,98.52,100.0
53.95,98.64,98.21,99.91,98.53,100.0
54.0,98.65,98.22,99.92,98.53,100.0
54.04,98.65,98.23,99.93,98.54,100.0
54.09,98.66,98.23,99.94,98.54,100.0
54.14,98.66,98.24,99.95,98.55,100.0
54.19,98.67,98.24,99.96,98.55,100.0
54.24,98.67,98.25,99.97,98.56,100.0
54.28,98.68,98.25,99.98,98.56,100.0
54.33,98.69,98.26,99.99,98.56,100.0
54.38,98.69,98.26,100.0,98.57,100.0
54.43,98.7,98.27,100.0,98.57,100.0
54.48,98.7,98.27,100.0,98.58,100.0
54.52,98.71,98.28,100.0,98.58,100.0
54.57,98.71,98.28,100.0,98.59,100.0
54.62,98.72,98.29,100.0,98.59,100.0
54.67,98.73,98.29,100.0,98.6,100.0
54.72,98.73,98.3,100.0,98.6,100.0
54.76,98.74,98.3,100.0,98.6,100.0
54.81,98.74,98.31,100.0,98.61,100.0
54.86,98.75,98.31,100.0,98.61,100.0
54.91,98.75,98.32,100.0,98.62,100.0
54.95,98.76,98.33,100.0,98.62,100.0
55.0,98.77,98.33,100.0,98.63,100.0
55.05,98.77,98.34,100.0,98.63,100.0
55.1,98.78,98.34,100.0,98.64,100.0
55.15,98.78,98.35,100.0,98.64,100.0
55.19,98.79,98.35,100.0,98.64,100.0
55.24,98.79,98.36,100.0,98.65,100.0
55.29,98.8,98.36,100.0,98.65,100.0
55.34,98.81,98.37,100.0,98.66,100.0
55.39,98.81,98.37,100.0,98.66,100.0
55.43,98.82,98.38,100.0,98.67,100.0
55.48,98.82,98.38,100.0,98.67,100.0
55.53,98.83,98.39,100.0,98.68,100.0
55.58,98.83,98.39,100.0,98.68,100.0
55.62,98.84,98.4,100.0,98.68,100.0
55.67,98.85,98.4,100.0,98.69,100.0
55.72,98.85,98.41,100.0,98.69,100.0
55.77,98.86,98.41,100.0,98.7,100.0
55.82,98.86,98.42,100.0,98.7,100.0
55.86,98.87,98.43,100.0,98.71,100.0
55.91,98.87,98.43,100.0,98.71,100.0
55.96,98.88,98.44,100.0,98.72,100.0
56.01,98.89,98.44,100.0,98.72,100.0
56.06,98.89,98.45,100.0,98.73,100.0
56.1,98.9,98.45,100.0,98.73,100.0
56.15,98.9,98.46,100.0,98.73,100.0
56.2,98.91,98.46,100.0,98.74,100.0
56.25,98.92,98.47,100.0,98.74,100.0
56.29,98.92,98.47,100.0,98.75,100.0
56.34,98.93,98.48,100.0,98.75,100.0
56.39,98.93,98.48,100.0,98.76,100.0
56.44,98.94,98.49,100.0,98.76,100.0
56.49,98.94,98.49,100.0,98.77,100.0
56.53,98.95,98.5,100.0,98.77,100.0
56.58,98.96,98.5,100.0,98.77,100.0
56.63,98.96,98.51,100.0,98.78,100.0
56.68,98.97,98.51,100.0,98.78,100.0
56.73,98.97,98.52,100.0,98.79,100.0
56.77,98.98,98.53,100.0,98.79,100.0
56.82,98.98,98.53,100.0,98.8,100.0
56.87,98.99,98.54,100.0,98.8,100.0
56.92,99.0,98.54,100.0,98.81,100.0
56.97,99.0,98.55,100.0,98.81,100.0
57.01,99.01,98.55,100.0,98.81,100.0
57.06,99.01,98.56,100.0,98.82,100.0
57.11,99.02,98.56,100.0,98.82,100.0
57.16,99.02,98.57,100.0,98.83,100.0
57.2,99.03,98.57,100.0,98.83,100.0
57.25,99.04,98.58,100.0,98.84,100.0
57.3,99.04,98.58,100.0,98.84,100.0
57.35,99.05,98.59,100.0,98.85,100.0
57.4,99.05,98.59,100.0,98.85,100.0
57.44,99.06,98.6,100.0,98.85,100.0
57.49,99.06,98.6,100.0,98.86,100.0
57.54,99.07,98.61,100.0,98.86,100.0
57.59,99.08,98.61,100.0,98.87,100.0
57.64,99.08,98.62,100.0,98.87,100.0
57.68,99.09,98.63,100.0,98.88,100.0
57.73,99.09,98.63,100.0,98.88,100.0
57.78,99.1,98.64,100.0,98.89,100.0
57.83,99.1,98.64,100.0,98.89,100.0
57.87,99.11,98.65,100.0,98.89,100.0
57.92,99.12,98.65,100.0,98.9,100.0
57.97,99.12,98.66,100.0,98.9,100.0
58.02,99.13,98.66,100.0,98.91,100.0
58.07,99.13,98.67,100.0,98.91,100.0
58.11,99.14,98.67,100.0,98.92,100.0
58.16,99.14,98.68,100.0,98.92,100.0
58.21,99.15,98.68,100.0,98.93,100.0
58.26,99.16,98.69,100.0,98.93,100.0
58.31,99.16,98.69,100.0,98.93,100.0
58.35,99.17,98.7,100.0,98.94,100.0
58.4,99.17,98.7,100.0,98.94,100.0
58.45,99.18,98.71,100.0,98.95,100.0
58.5,99.18,98.72,100.0,98.95,100.0
58.54,99.19,98.72,100.0,98.96,100.0
58.59,99.2,98.73,100.0,98.96,100.0
58.64,99.2,98.73,100.0,98.97,100.0
58.69,99.21,98.74,100.0,98.97,100.0
58.74,99.21,98.74,100.0,98.97,100.0
58.78,99.22,98.75,100.0,98.98,100.0
58.83,99.23,98.75,100.0,98.98,100.0
58.88,99.23,98.76,100.0,98.99,100.0
58.93,99.24,98.76,100.0,98.99,100.0
58.98,99.24,98.77,100.0,99.0,100.0
59.02,99.25,98.77,100.0,99.0,100.0
59.07,99.25,98.78,100.0,99.01,100.0
59.12,99.26,98.78,100.0,99.01,100.0
59.17,99.27,98.79,100.0,99.01,100.0
59.21,99.27,98.79,100.0,99.02,100.0
59.26,99.28,98.8,100.0,99.02,100.0
59.31,99.28,98.8,100.0,99.03,100.0
59.36,99.29,98.81,100.0,99.03,100.0
59.41,99.29,98.82,100.0,99.04,100.0
59.45,99.3,98.82,100.0,99.04,100.0
59.5,99.31,98.83,100.0,99.05,100.0
59.55,99.31,98.83,100.0,99.05,100.0
59.6,99.32,98.84,100.0,99.05,100.0
59.65,99.32,98.84,100.0,99.06,100.0
59.69,99.33,98.85,100.0,99.06,100.0
59.74,99.33,98.85,100.0,99.07,100.0
59.79,99.34,98.86,100.0,99.07,100.0
59.84,99.35,98.86,100.0,99.08,100.0
59.89,99.35,98.87,100.0,99.08,100.0
59.93,99.36,98.87,100.0,99.09,100.0
59.98,99.36,98.88,100.0,99.09,100.0
60.03,99.37,98.88,100.0,99.1,100.0
60.08,99.37,98.89,100.0,99.1,100.0
60.12,99.38,98.89,100.0,99.1,100.0
60.17,99.39,98.9,100.0,99.11,100.0
60.22,99.39,98.9,100.0,99.11,100.0
60.27,99.4,98.91,100.0,99.12,100.0
60.32,99.4,98.92,100.0,99.12,100.0
60.36,99.41,98.92,100.0,99.13,100.0
60.41,99.41,98.93,100.0,99.13,100.0
60.46,99.42,98.93,100.0,99.14,100.0
60.51,99.43,98.94,100.0,99.14,100.0
60.56,99.43,98.94,100.0,99.14,100.0
60.6,99.44,98.95,100.0,99.15,100.0
60.65,99.44,98.95,100.0,99.15,100.0
60.7,99.45,98.96,100.0,99.16,100.0
60.75,99.45,98.96,100.0,99.16,100.0
60.79,99.46,98.97,100.0,99.17,100.0
60.84,99.47,98.97,100.0,99.17,100.0
60.89,99.47,98.98,100.0,99.18,100.0
60.94,99.48,98.98,100.0,99.18,100.0
60.99,99.48,98.99,100.0,99.18,100.0
61.03,99.49,98.99,100.0,99.19,100.0
61.08,99.49,99.0,100.0,99.19,100.0
61.13,99.5,99.0,100.0,99.2,100.0
61.18,99.51,99.01,100.0,99.2,100.0
61.23,99.51,99.02,100.0,99.21,100.0
61.27,99.52,99.02,100.0,99.21,100.0
61.32,99.52,99.03,100.0,99.22,100.0
61.37,99.53,99.03,100.0,99.22,100.0
61.42,99.54,99.04,100.0,99.22,100.0
61.46,99.54,99.04,100.0,99.23,100.0
61.51,99.55,99.05,100.0,99.23,100.0
61.56,99.55,99.05,100.0,99.24,100.0
61.61,99.56,99.06,100.0,99.24,100.0
61.66,99.56,99.06,100.0,99.25,100.0
61.7,99.57,99.07,100.0,99.25,100.0
61.75,99.58,99.07,100.0,99.26,100.0
61.8,99.58,99.08,100.0,99.26,100.0
61.85,99.59,99.08,100.0,99.26,100.0
61.9,99.59,99.09,100.0,99.27,100.0
61.94,99.6,99.09,100.0,99.27,100.0
61.99,99.6,99.1,100.0,99.28,100.0
62.04,99.61,99.1,100.0,99.28,100.0
62.09,99.62,99.11,100.0,99.29,100.0
62.13,99.62,99.12,100.0,99.29,100.0
62.18,99.63,99.12,100.0,99.3,100.0
62.23,99.63,99.13,100.0,99.3,100.0
62.28,99.64,99.13,100.0,99.3,100.0
62.33,99.64,99.14,100.0,99.31,100.0
62.37,99.65,99.14,100.0,99.31,100.0
62.42,99.66,99.15,100.0,99.32,100.0
62.47,99.66,99.15,100.0,99.32,100.0
62.52,99.67,99.16,100.0,99.33,100.0
62.57,99.67,99.16,100.0,99.33,100.0
62.61,99.68,99.17,100.0,99.34,100.0
62.66,99.68,99.17,100.0,99.34,100.0
62.71,99.69,99.18,100.0,99.34,100.0
62.76,99.7,99.18,100.0,99.35,100.0
62.81,99.7,99.19,100.0,99.35,100.0
62.85,99.71,99.19,100.0,99.36,100.0
62.9,99.71,99.2,100.0,99.36,100.0
62.95,99.72,99.2,100.0,99.37,100.0
63.0,99.72,99.21,100.0,99.37,100.0
63.04,99.73,99.22,100.0,99.38,100.0
63.09,99.74,99.22,100.0,99.38,100.0
63.14,99.74,99.23,100.0,99.38,100.0
63.19,99.75,99.23,100.0,99.39,100.0
63.24,99.75,99.24,100.0,99.39,100.0
63.28,99.76,99.24,100.0,99.4,100.0
63.33,99.76,99.25,100.0,99.4,100.0
63.38,99.77,99.25,100.0,99.41,100.0
63.43,99.78,99.26,100.0,99.41,100.0
63.48,99.78,99.26,100.0,99.42,100.0
63.52,99.79,99.27,100.0,99.42,100.0
63.57,99.79,99.27,100.0,99.42,100.0
63.62,99.8,99.28,100.0,99.43,100.0
63.67,99.8,99.28,100.0,99.43,100.0
63.71,99.81,99.29,100.0,99.44,100.0
63.76,99.82,99.29,100.0,99.44,100.0
63.81,99.82,99.3,100.0,99.45,100.0
63.86,99.83,99.3,100.0,99.45,100.0
63.91,99.83,99.31,100.0,99.46,100.0
63.95,99.84,99.32,100.0,99.46,100.0
64.0,99.85,99.32,100.0,99.47,100.0
64.05,99.85,99.33,100.0,99.47,100.0
64.1,99.86,99.33,100.0,99.47,100.0
64.15,99.86,99.34,100.0,99.48,100.0
64.19,99.87,99.34,100.0,99.48,100.0
64.24,99.87,99.35,100.0,99.49,100.0
64.29,99.88,99.35,100.0,99.49,100.0
64.34,99.89,99.36,100.0,99.5,100.0
64.38,99.89,99.36,100.0,99.5,100.0
64.43,99.9,99.37,100.0,99.51,100.0
64.48,99.9,99.37,100.0,99.51,100.0
64.53,99.91,99.38,100.0,99.51,100.0
64.58,99.91,99.38,100.0,99.52,100.0
64.62,99.92,99.39,100.0,99.52,100.0
64.67,99.93,99.39,100.0,99.53,100.0
64.72,99.93,99.4,100.0,99.53,100.0
64.77,99.94,99.4,100.0,99.54,100.0
64.82,99.94,99.41,100.0,99.54,100.0
64.86,99.95,99.42,100.0,99.55,100.0
64.91,99.95,99.42,100.0,99.55,100.0
64.96,99.96,99.43,100.0,99.55,100.0
65.01,99.97,99.43,100.0,99.56,100.0
65.06,99.97,99.44,100.0,99.56,100.0
65.1,99.98,99.44,100.0,99.57,100.0
65.15,99.98,99.45,100.0,99.57,100.0
65.2,99.99,99.45,100.0,99.58,100.0
65.25,99.99,99.46,100.0,99.58,100.0
65.29,100.0,99.46,100.0,99.59,100.0
65.34,100.0,99.47,100.0,99.59,100.0
65.39,100.0,99.47,100.0,99.59,100.0
65.44,100.0,99.48,100.0,99.6,100.0
65.49,100.0,99.48,100.0,99.6,100.0
65.53,100.0,99.49,100.0,99.61,100.0
65.58,100.0,99.49,100.0,99.61,100.0
65.63,100.0,99.5,100.0,99.62,100.0
65.68,100.0,99.5,100.0,99.62,100.0
65.73,100.0,99.51,100.0,99.63,100.0
65.77,100.0,99.52,100.0,99.63,100.0
65.82,100.0,99.52,100.0,99.63,100.0
65.87,100.0,99.53,100.0,99.64,100.0
65.92,100.0,99.53,100.0,99.64,100.0
65.96,100.0,99.54,100.0,99.65,100.0
66.01,100.0,99.54,100.0,99.65,100.0
66.06,100.0,99.55,100.0,99.66,100.0
66.11,100.0,99.55,100.0,99.66,100.0
66.16,100.0,99.56,100.0,99.67,100.0
66.2,100.0,99.56,100.0,99.67,100.0
66.25,100.0,99.57,100.0,99.67,100.0
66.3,100.0,99.57,100.0,99.68,100.0
66.35,100.0,99.58,100.0,99.68,100.0
66.4,100.0,99.58,100.0,99.69,100.0
66.44,100.0,99.59,100.0,99.69,100.0
66.49,100.0,99.59,100.0,99.7,100.0
66.54,100.0,99.6,100.0,99.7,100.0
66.59,100.0,99.61,100.0,99.71,100.0
66.63,100.0,99.61,100.0,99.71,100.0
66.68,100.0,99.62,100.0,99.71,100.0
66.73,100.0,99.62,100.0,99.72,100.0
66.78,100.0,99.63,100.0,99.72,100.0
66.83,100.0,99.63,100.0,99.73,100.0
66.87,100.0,99.64,100.0,99.73,100.0
66.92,100.0,99.64,100.0,99.74,100.0
66.97,100.0,99.65,100.0,99.74,100.0
67.02,100.0,99.65,100.0,99.75,100.0
67.07,100.0,99.66,100.0,99.75,100.0
67.11,100.0,99.66,100.0,99.75,100.0
67.16,100.0,99.67,100.0,99.76,100.0
67.21,100.0,99.67,100.0,99.76,100.0
67.26,100.0,99.68,100.0,99.77,100.0
67.3,100.0,99.68,100.0,99.77,100.0
67.35,100.0,99.69,100.0,99.78,100.0
67.4,100.0,99.69,100.0,99.78,100.0
67.45,100.0,99.7,100.0,99.79,100.0
67.5,100.0,99.71,100.0,99.79,100.0
67.54,100.0,99.71,100.0,99.79,100.0
67.59,100.0,99.72,100.0,99.8,100.0
67.64,100.0,99.72,100.0,99.8,100.0
67.69,100.0,99.73,100.0,99.81,100.0
67.74,100.0,99.73,100.0,99.81,100.0
67.78,100.0,99.74,100.0,99.82,100.0
67.83,100.0,99.74,100.0,99.82,100.0
67.88,100.0,99.75,100.0,99.83,100.0
67.93,100.0,99.75,100.0,99.83,100.0
67.98,100.0,99.76,100.0,99.84,100.0
68.02,100.0,99.76,100.0,99.84,100.0
68.07,100.0,99.77,100.0,99.84,100.0
68.12,100.0,99.77,100.0,99.85,100.0
68.17,100.0,99.78,100.0,99.85,100.0
68.21,100.0,99.78,100.0,99.86,100.0
68.26,100.0,99.79,100.0,99.86,100.0
68.31,100.0,99.79,100.0,99.87,100.0
68.36,100.0,99.8,100.0,99.87,100.0
68.41,100.0,99.81,100.0,99.88,100.0
68.45,100.0,99.81,100.0,99.88,100.0
68.5,100.0,99.82,100.0,99.88,100.0
68.55,100.0,99.82,100.0,99.89,100.0
68.6,100.0,99.83,100.0,99.89,100.0
68.65,100.0,99.83,100.0,99.9,100.0
68.69,100.0,99.84,100.0,99.9,100.0
68.74,100.0,99.84,100.0,99.91,100.0
68.79,100.0,99.85,100.0,99.91,100.0
68.84,100.0,99.85,100.0,99.92,100.0
68.88,100.0,99.86,100.0,99.92,100.0
68.93,100.0,99.86,100.0,99.92,100.0
68.98,100.0,99.87,100.0,99.93,100.0
69.03,100.0,99.87,100.0,99.93,100.0
69.08,100.0,99.88,100.0,99.94,100.0
69.12,100.0,99.88,100.0,99.94,100.0
69.17,100.0,99.89,100.0,99.95,100.0
69.22,100.0,99.89,100.0,99.95,100.0
69.27,100.0,99.9,100.0,99.96,100.0
69.32,100.0,99.91,100.0,99.96,100.0
69.36,100.0,99.91,100.0,99.96,100.0
69.41,100.0,99.92,100.0,99.97,100.0
69.46,100.0,99.92,100.0,99.97,100.0
69.51,100.0,99.93,100.0,99.98,100.0
69.55,100.0,99.93,100.0,99.98,100.0
69.6,100.0,99.94,100.0,99.99,100.0
69.65,100.0,99.94,100.0,99.99,100.0
69.7,100.0,99.95,100.0,100.0,100.0
69.75,100.0,99.95,100.0,100.0,100.0
69.79,100.0,99.96,100.0,100.0,100.0
69.84,100.0,99.96,100.0,100.0,100.0
69.89,100.0,99.97,100.0,100.0,100.0
69.94,100.0,99.97,100.0,100.0,100.0
69.99,100.0,99.98,100.0,100.0,100.0
70.03,100.0,99.98,100.0,100.0,100.0
70.08,100.0,99.99,100.0,100.0,100.0
70.13,100.0,99.99,100.0,100.0,100.0
70.18,100.0,100.0,100.0,100.0,100.0
70.22,100.0,100.0,100.0,100.0,100.0
70.27,100.0,100.0,100.0,100.0,100.0
70.32,100.0,100.0,100.0,100.0,100.0
70.37,100.0,100.0,100.0,100.0,100.0
70.42,100.0,100.0,100.0,100.0,100.0
70.46,100.0,100.0,100.0,100.0,100.0
70.51,100.0,100.0,100.0,100.0,100.0
70.56,100.0,100.0,100.0,100.0,100.0
70.61,100.0,100.0,100.0,100.0,100.0
70.66,100.0,100.0,100.0,100.0,100.0
70.7,100.0,100.0,100.0,100.0,100.0
70.75,100.0,100.0,100.0,100.0,100.0
70.8,100.0,100.0,100.0,100.0,100.0
70.85,100.0,100.0,100.0,100.0,100.0
70.9,100.0,100.0,100.0,100.0,100.0
70.94,100.0,100.0,100.0,100.0,100.0
70.99,100.0,100.0,100.0,100.0,100.0
71.04,100.0,100.0,100.0,100.0,100.0
71.09,100.0,100.0,100.0,100.0,100.0
71.13,100.0,100.0,100.0,100.0,100.0
71.18,100.0,100.0,100.0,100.0,100.0
71.23,100.0,100.0,100.0,100.0,100.0
71.28,100.0,100.0,100.0,100.0,100.0
71.33,100.0,100.0,100.0,100.0,100.0
71.37,100.0,100.0,100.0,100.0,100.0
71.42,100.0,100.0,100.0,100.0,100.0
71.47,100.0,100.0,100.0,100.0,100.0
71.52,100.0,100.0,100.0,100.0,100.0
71.57,100.0,100.0,100.0,100.0,100.0
71.61,100.0,100.0,100.0,100.0,100.0
71.66,100.0,100.0,100.0,100.0,100.0
71.71,100.0,100.0,100.0,100.0,100.0
71.76,100.0,100.0,100.0,100.0,100.0
71.8,100.0,100.0,100.0,100.0,100.0
71.85,100.0,100.0,100.0,100.0,100.0
71.9,100.0,100.0,100.0,100.0,100.0
71.95,100.0,100.0,100.0,100.0,100.0
72.0,100.0,100.0,100.0,100.0,100.0
72.04,100.0,100.0,100.0,100.0,100.0
72.09,100.0,100.0,100.0,100.0,100.0
72.14,100.0,100.0,100.0,100.0,100.0
72.19,100.0,100.0,100.0,100.0,100.0
72.24,100.0,100.0,100.0,100.0,100.0
72.28,100.0,100.0,100.0,100.0,100.0
72.33,100.0,100.0,100.0,100.0,100.0
72.38,100.0,100.0,100.0,100.0,100.0
72.43,100.0,100.0,100.0,100.0,100.0
72.47,100.0,100.0,100.0,100.0,100.0
72.52,100.0,100.0,100.0,100.0,100.0
72.57,100.0,100.0,100.0,100.0,100.0
72.62,100.0,100.0,100.0,100.0,100.0
72.67,100.0,100.0,100.0,100.0,100.0
72.71,100.0,100.0,100.0,100.0,100.0
72.76,100.0,100.0,100.0,100.0,100.0
72.81,100.0,100.0,100.0,100.0,100.0
72.86,100.0,100.0,100.0,100.0,100.0
72.91,100.0,100.0,100.0,100.0,100.0
72.95,100.0,100.0,100.0,100.0,100.0
73.0,100.0,100.0,100.0,100.0,100.0
73.05,100.0,100.0,100.0,100.0,100.0
73.1,100.0,100.0,100.0,100.0,100.0
73.15,100.0,100.0,100.0,100.0,100.0
73.19,100.0,100.0,100.0,100.0,100.0
73.24,100.0,100.0,100.0,100.0,100.0
73.29,100.0,100.0,100.0,100.0,100.0
73.34,100.0,100.0,100.0,100.0,100.0
73.38,100.0,100.0,100.0,100.0,100.0
73.43,100.0,100.0,100.0,100.0,100.0
73.48,100.0,100.0,100.0,100.0,100.0
73.53,100.0,100.0,100.0,100.0,100.0
73.58,100.0,100.0,100.0,100.0,100.0
73.62,100.0,100.0,100.0,100.0,100.0
73.67,100.0,100.0,100.0,100.0,100.0
73.72,100.0,100.0,100.0,100.0,100.0
73.77,100.0,100.0,100.0,100.0,100.0
73.82,100.0,100.0,100.0,100.0,100.0
73.86,100.0,100.0,100.0,100.0,100.0
73.91,100.0,100.0,100.0,100.0,100.0
73.96,100.0,100.0,100.0,100.0,100.0
74.01,100.0,100.0,100.0,100.0,100.0
74.05,100.0,100.0,100.0,100.0,100.0
74.1,100.0,100.0,100.0,100.0,100.0
74.15,100.0,100.0,100.0,100.0,100.0
74.2,100.0,100.0,100.0,100.0,100.0
74.25,100.0,100.0,100.0,100.0,100.0
74.29,100.0,100.0,100.0,100.0,100.0
74.34,100.0,100.0,100.0,100.0,100.0
74.39,100.0,100.0,100.0,100.0,100.0
74.44,100.0,100.0,100.0,100.0,100.0
74.49,100.0,100.0,100.0,100.0,100.0
74.53,100.0,100.0,100.0,100.0,100.0
74.58,100.0,100.0,100.0,100.0,100.0
74.63,100.0,100.0,100.0,100.0,100.0
74.68,100.0,100.0,100.0,100.0,100.0
74.72,100.0,100.0,100.0,100.0,100.0
74.77,100.0,100.0,100.0,100.0,100.0
74.82,100.0,100.0,100.0,100.0,100.0
74.87,100.0,100.0,100.0,100.0,100.0
74.92,100.0,100.0,100.0,100.0,100.0
74.96,100.0,100.0,100.0,100.0,100.0
75.01,100.0,100.0,100.0,100.0,100.0
75.06,100.0,100.0,100.0,100.0,100.0
75.11,100.0,100.0,100.0,100.0,100.0
75.16,100.0,100.0,100.0,100.0,100.0
75.2,100.0,100.0,100.0,100.0,100.0
75.25,100.0,100.0,100.0,100.0,100.0
75.3,100.0,100.0,100.0,100.0,100.0
75.35,100.0,100.0,100.0,100.0,100.0
75.39,100.0,100.0,100.0,100.0,100.0
75.44,100.0,100.0,100.0,100.0,100.0
75.49,100.0,100.0,100.0,100.0,100.0
75.54,100.0,100.0,100.0,100.0,100.0
75.59,100.0,100.0,100.0,100.0,100.0
75.63,100.0,100.0,100.0,100.0,100.0
75.68,100.0,100.0,100.0,100.0,100.0
75.73,100.0,100.0,100.0,100.0,100.0
75.78,100.0,100.0,100.0,100.0,100.0
75.83,100.0,100.0,100.0,100.0,100.0
75.87,100.0,100.0,100.0,100.0,100.0
75.92,100.0,100.0,100.0,100.0,100.0
75.97,100.0,100.0,100.0,100.0,100.0
76.02,100.0,100.0,100.0,100.0,100.0
76.07,100.0,100.0,100.0,100.0,100.0
76.11,100.0,100.0,100.0,100.0,100.0
76.16,100.0,100.0,100.0,100.0,100.0
76.21,100.0,100.0,100.0,100.0,100.0
76.26,100.0,100.0,100.0,100.0,100.0
76.3,100.0,100.0,100.0,100.0,100.0
76.35,100.0,100.0,100.0,100.0,100.0
76.4,100.0,100.0,100.0,100.0,100.0
76.45,100.0,100.0,100.0,100.0,100.0
76.5,100.0,100.0,100.0,100.0,100.0
76.54,100.0,100.0,100.0,100.0,100.0
76.59,100.0,100.0,100.0,100.0,100.0
76.64,100.0,100.0,100.0,100.0,100.0
76.69,100.0,100.0,100.0,100.0,100.0
76.74,100.0,100.0,100.0,100.0,100.0
76.78,100.0,100.0,100.0,100.0,100.0
76.83,100.0,100.0,100.0,100.0,100.0
76.88,100.0,100.0,100.0,100.0,100.0
76.93,100.0,100.0,100.0,100.0,100.0
76.97,100.0,100.0,100.0,100.0,100.0
77.02,100.0,100.0,100.0,100.0,100.0
77.07,100.0,100.0,100.0,100.0,100.0
77.12,100.0,100.0,100.0,100.0,100.0
77.17,100.0,100.0,100.0,100.0,100.0
77.21,100.0,100.0,100.0,100.0,100.0
77.26,100.0,100.0,100.0,100.0,100.0
77.31,100.0,100.0,100.0,100.0,100.0
77.36,100.0,100.0,100.0,100.0,100.0
77.41,100.0,100.0,100.0,100.0,100.0
77.45,100.0,100.0,100.0,100.0,100.0
77.5,100.0,100.0,100.0,100.0,100.0
77.55,100.0,100.0,100.0,100.0,100.0
77.6,100.0,100.0,100.0,100.0,100.0
77.64,100.0,100.0,100.0,100.0,100.0
77.69,100.0,100.0,100.0,100.0,100.0
77.74,100.0,100.0,100.0,100.0,100.0
77.79,100.0,100.0,100.0,100.0,100.0
77.84,100.0,100.0,100.0,100.0,100.0
77.88,100.0,100.0,100.0,100.0,100.0
77.93,100.0,100.0,100.0,100.0,100.0
77.98,100.0,100.0,100.0,100.0,100.0
78.03,100.0,100.0,100.0,100.0,100.0
78.08,100.0,100.0,100.0,100.0,100.0
78.12,100.0,100.0,100.0,100.0,100.0
78.17,100.0,100.0,100.0,100.0,100.0
78.22,100.0,100.0,100.0,100.0,100.0
78.27,100.0,100.0,100.0,100.0,100.0
78.31,100.0,100.0,100.0,100.0,100.0
78.36,100.0,100.0,100.0,100.0,100.0
78.41,100.0,100.0,100.0,100.0,100.0
78.46,100.0,100.0,100.0,100.0,100.0
78.51,100.0,100.0,100.0,100.0,100.0
78.55,100.0,100.0,100.0,100.0,100.0
78.6,100.0,100.0,100.0,100.0,100.0
78.65,100.0,100.0,100.0,100.0,100.0
78.7,100.0,100.0,100.0,100.0,100.0
78.75,100.0,100.0,100.0,100.0,100.0
78.79,100.0,100.0,100.0,100.0,100.0
78.84,100.0,100.0,100.0,100.0,100.0
78.89,100.0,100.0,100.0,100.0,100.0
78.94,100.0,100.0,100.0,100.0,100.0
78.99,100.0,100.0,100.0,100.0,100.0
79.03,100.0,100.0,100.0,100.0,100.0
79.08,100.0,100.0,100.0,100.0,100.0
79.13,100.0,100.0,100.0,100.0,100.0
79.18,100.0,100.0,100.0,100.0,100.0
79.22,100.0,100.0,100.0,100.0,100.0
79.27,100.0,100.0,100.0,100.0,100.0
79.32,100.0,100.0,100.0,100.0,100.0
79.37,100.0,100.0,100.0,100.0,100.0
79.42,100.0,100.0,100.0,100.0,100.0
79.46,100.0,100.0,100.0,100.0,100.0
79.51,100.0,100.0,100.0,100.0,100.0
79.56,100.0,100.0,100.0,100.0,100.0
79.61,100.0,100.0,100.0,100.0,100.0
79.66,100.0,100.0,100.0,100.0,100.0
79.7,100.0,100.0,100.0,100.0,100.0
79.75,100.0,100.0,100.0,100.0,100.0
79.8,100.0,100.0,100.0,100.0,100.0
79.85,100.0,100.0,100.0,100.0,100.0
79.89,100.0,100.0,100.0,100.0,100.0
79.94,100.0,100.0,100.0,100.0,100.0
79.99,100.0,100.0,100.0,100.0,100.0
80.04,100.0,100.0,100.0,100.0,100.0
80.09,100.0,100.0,100.0,100.0,100.0
80.13,100.0,100.0,100.0,100.0,100.0
80.18,100.0,100.0,100.0,100.0,100.0
80.23,100.0,100.0,100.0,100.0,100.0
80.28,100.0,100.0,100.0,100.0,100.0
80.33,100.0,100.0,100.0,100.0,100.0
80.37,100.0,100.0,100.0,100.0,100.0
80.42,100.0,100.0,100.0,100.0,100.0
80.47,100.0,100.0,100.0,100.0,100.0
80.52,100.0,100.0,100.0,100.0,100.0
80.56,100.0,100.0,100.0,100.0,100.0
80.61,100.0,100.0,100.0,100.0,100.0
80.66,100.0,100.0,100.0,100.0,100.0
80.71,100.0,100.0,100.0,100.0,100.0
80.76,100.0,100.0,100.0,100.0,100.0
80.8,100.0,100.0,100.0,100.0,100.0
80.85,100.0,100.0,100.0,100.0,100.0
80.9,100.0,100.0,100.0,100.0,100.0
80.95,100.0,100.0,100.0,100.0,100.0
81.0,100.0,100.0,100.0,100.0,100.0
81.04,100.0,100.0,100.0,100.0,100.0
81.09,100.0,100.0,100.0,100.0,100.0
81.14,100.0,100.0,100.0,100.0,100.0
81.19,100.0,100.0,100.0,100.0,100.0
81.24,100.0,100.0,100.0,100.0,100.0
81.28,100.0,100.0,100.0,100.0,100.0
81.33,100.0,100.0,100.0,100.0,100.0
81.38,100.0,100.0,100.0,100.0,100.0
81.43,100.0,100.0,100.0,100.0,100.0
81.47,100.0,100.0,100.0,100.0,100.0
81.52,100.0,100.0,100.0,100.0,100.0
81.57,100.0,100.0,100.0,100.0,100.0
81.62,100.0,100.0,100.0,100.0,100.0
81.67,100.0,100.0,100.0,100.0,100.0
81.71,100.0,100.0,100.0,100.0,100.0
81.76,100.0,100.0,100.0,100.0,100.0
81.81,100.0,100.0,100.0,100.0,100.0
81.86,100.0,100.0,100.0,100.0,100.0
81.91,100.0,100.0,100.0,100.0,100.0
81.95,100.0,100.0,100.0,100.0,100.0
82.0,100.0,100.0,100.0,100.0,100.0
82.05,100.0,100.0,100.0,100.0,100.0
82.1,100.0,100.0,100.0,100.0,100.0
82.14,100.0,100.0,100.0,100.0,100.0
82.19,100.0,100.0,100.0,100.0,100.0
82.24,100.0,100.0,100.0,100.0,100.0
82.29,100.0,100.0,100.0,100.0,100.0
82.34,100.0,100.0,100.0,100.0,100.0
82.38,100.0,100.0,100.0,100.0,100.0
82.43,100.0,100.0,100.0,100.0,100.0
82.48,100.0,100.0,100.0,100.0,100.0
82.53,100.0,100.0,100.0,100.0,100.0
82.58,100.0,100.0,100.0,100.0,100.0
82.62,100.0,100.0,100.0,100.0,100.0
82.67,100.0,100.0,100.0,100.0,100.0
82.72,100.0,100.0,100.0,100.0,100.0
82.77,100.0,100.0,100.0,100.0,100.0
82.81,100.0,100.0,100.0,100.0,100.0
82.86,100.0,100.0,100.0,100.0,100.0
82.91,100.0,100.0,100.0,100.0,100.0
82.96,100.0,100.0,100.0,100.0,100.0
83.01,100.0,100.0,100.0,100.0,100.0
83.05,100.0,100.0,100.0,100.0,100.0
83.1,100.0,100.0,100.0,100.0,100.0
83.15,100.0,100.0,100.0,100.0,100.0
83.2,100.0,100.0,100.0,100.0,100.0
83.25,100.0,100.0,100.0,100.0,100.0
83.29,100.0,100.0,100.0,100.0,100.0
83.34,100.0,100.0,100.0,100.0,100.0
83.39,100.0,100.0,100.0,100.0,100.0
83.44,100.0,100.0,100.0,100.0,100.0
83.48,100.0,100.0,100.0,100.0,100.0
83.53,100.0,100.0,100.0,100.0,100.0
83.58,100.0,100.0,100.0,100.0,100.0
83.63,100.0,100.0,100.0,100.0,100.0
83.68,100.0,100.0,100.0,100.0,100.0
83.72,100.0,100.0,100.0,100.0,100.0
83.77,100.0,100.0,100.0,100.0,100.0
83.82,100.0,100.0,100.0,100.0,100.0
83.87,100.0,100.0,100.0,100.0,100.0
83.92,100.0,100.0,100.0,100.0,100.0
83.96,100.0,100.0,100.0,100.0,100.0
84.01,100.0,100.0,100.0,100.0,100.0
84.06,100.0,100.0,100.0,100.0,100.0
84.11,100.0,100.0,100.0,100.0,100.0
84.16,100.0,100.0,100.0,100.0,100.0
84.2,100.0,100.0,100.0,100.0,100.0
84.25,100.0,100.0,100.0,100.0,100.0
84.3,100.0,100.0,100.0,100.0,100.0
84.35,100.0,100.0,100.0,100.0,100.0
84.39,100.0,100.0,100.0,100.0,100.0
84.44,100.0,100.0,100.0,100.0,100.0
84.49,100.0,100.0,100.0,100.0,100.0
84.54,100.0,100.0,100.0,100.0,100.0
84.59,100.0,100.0,100.0,100.0,100.0
84.63,100.0,100.0,100.0,100.0,100.0
84.68,100.0,100.0,100.0,100.0,100.0
84.73,100.0,100.0,100.0,100.0,100.0
84.78,100.0,100.0,100.0,100.0,100.0
84.83,100.0,100.0,100.0,100.0,100.0
84.87,100.0,100.0,100.0,100.0,100.0
84.92,100.0,100.0,100.0,100.0,100.0
84.97,100.0,100.0,100.0,100.0,100.0
85.02,100.0,100.0,100.0,100.0,100.0
85.06,100.0,100.0,100.0,100.0,100.0
85.11,100.0,100.0,100.0,100.0,100.0
85.16,100.0,100.0,100.0,100.0,100.0
85.21,100.0,100.0,100.0,100.0,100.0
85.26,100.0,100.0,100.0,100.0,100.0
85.3,100.0,100.0,100.0,100.0,100.0
85.35,100.0,100.0,100.0,100.0,100.0
85.4,100.0,100.0,100.0,100.0,100.0
85.45,100.0,100.0,100.0,100.0,100.0
85.5,100.0,100.0,100.0,100.0,100.0
85.54,100.0,100.0,100.0,100.0,100.0
85.59,100.0,100.0,100.0,100.0,100.0
85.64,100.0,100.0,100.0,100.0,100.0
85.69,100.0,100.0,100.0,100.0,100.0
85.73,100.0,100.0,100.0,100.0,100.0
85.78,100.0,100.0,100.0,100.0,100.0
85.83,100.0,100.0,100.0,100.0,100.0
85.88,100.0,100.0,100.0,100.0,100.0
85.93,100.0,100.0,100.0,100.0,100.0
85.97,100.0,100.0,100.0,100.0,100.0
86.02,100.0,100.0,100.0,100.0,100.0
86.07,100.0,100.0,100.0,100.0,100.0
86.12,100.0,100.0,100.0,100.0,100.0
86.17,100.0,100.0,100.0,100.0,100.0
86.21,100.0,100.0,100.0,100.0,100.0
86.26,100.0,100.0,100.0,100.0,100.0
86.31,100.0,100.0,100.0,100.0,100.0
86.36,100.0,100.0,100.0,100.0,100.0
86.4,100.0,100.0,100.0,100.0,100.0
86.45,100.0,100.0,100.0,100.0,100.0
86.5,100.0,100.0,100.0,100.0,100.0
86.55,100.0,100.0,100.0,100.0,100.0
86.6,100.0,100.0,100.0,100.0,100.0
86.64,100.0,100.0,100.0,100.0,100.0
86.69,100.0,100.0,100.0,100.0,100.0
86.74,100.0,100.0,100.0,100.0,100.0
86.79,100.0,100.0,100.0,100.0,100.0
86.84,100.0,100.0,100.0,100.0,100.0
86.88,100.0,100.0,100.0,100.0,100.0
86.93,100.0,100.0,100.0,100.0,100.0
86.98,100.0,100.0,100.0,100.0,100.0
87.03,100.0,100.0,100.0,100.0,100.0
87.08,100.0,100.0,100.0,100.0,100.0
87.12,100.0,100.0,100.0,100.0,100.0
87.17,100.0,100.0,100.0,100.0,100.0
87.22,100.0,100.0,100.0,100.0,100.0
87.27,100.0,100.0,100.0,100.0,100.0
87.31,100.0,100.0,100.0,100.0,100.0
87.36,100.0,100.0,100.0,100.0,100.0
87.41,100.0,100.0,100.0,100.0,100.0
87.46,100.0,100.0,100.0,100.0,100.0
87.51,100.0,100.0,100.0,100.0,100.0
87.55,100.0,100.0,100.0,100.0,100.0
87.6,100.0,100.0,100.0,100.0,100.0
87.65,100.0,100.0,100.0,100.0,100.0
87.7,100.0,100.0,100.0,100.0,100.0
87.75,100.0,100.0,100.0,100.0,100.0
87.79,100.0,100.0,100.0,100.0,100.0
87.84,100.0,100.0,100.0,100.0,100.0
87.89,100.0,100.0,100.0,100.0,100.0
87.94,100.0,100.0,100.0,100.0,100.0
87.98,100.0,100.0,100.0,100.0,100.0
88.03,100.0,100.0,100.0,100.0,100.0
88.08,100.0,100.0,100.0,100.0,100.0
88.13,100.0,100.0,100.0,100.0,100.0
88.18,100.0,100.0,100.0,100.0,100.0
88.22,100.0,100.0,100.0,100.0,100.0
88.27,100.0,100.0,100.0,100.0,100.0
88.32,100.0,100.0,100.0,100.0,100.0
88.37,100.0,100.0,100.0,100.0,100.0
88.42,100.0,100.0,100.0,100.0,100.0
88.46,100.0,100.0,100.0,100.0,100.0
88.51,100.0,100.0,100.0,100.0,100.0
88.56,100.0,100.0,100.0,100.0,100.0
88.61,100.0,100.0,100.0,100.0,100.0
88.65,100.0,100.0,100.0,100.0,100.0
88.7,100.0,100.0,100.0,100.0,100.0
88.75,100.0,100.0,100.0,100.0,100.0
88.8,100.0,100.0,100.0,100.0,100.0
88.85,100.0,100.0,100.0,100.0,100.0
88.89,100.0,100.0,100.0,100.0,100.0
88.94,100.0,100.0,100.0,100.0,100.0
88.99,100.0,100.0,100.0,100.0,100.0
89.04,100.0,100.0,100.0,100.0,100.0
89.09,100.0,100.0,100.0,100.0,100.0
89.13,100.0,100.0,100.0,100.0,100.0
89.18,100.0,100.0,100.0,100.0,100.0
89.23,100.0,100.0,100.0,100.0,100.0
89.28,100.0,100.0,100.0,100.0,100.0
89.33,100.0,100.0,100.0,100.0,100.0
89.37,100.0,100.0,100.0,100.0,100.0
89.42,100.0,100.0,100.0,100.0,100.0
89.47,100.0,100.0,100.0,100.0,100.0
89.52,100.0,100.0,100.0,100.0,100.0
89.56,100.0,100.0,100.0,100.0,100.0
89.61,100.0,100.0,100.0,100.0,100.0
89.66,100.0,100.0,100.0,100.0,100.0
89.71,100.0,100.0,100.0,100.0,100.0
89.76,100.0,100.0,100.0,100.0,100.0
89.8,100.0,100.0,100.0,100.0,100.0
89.85,100.0,100.0,100.0,100.0,100.0
89.9,100.0,100.0,100.0,100.0,100.0
89.95,100.0,100.0,100.0,100.0,100.0
90.0,100.0,100.0,100.0,100.0,100.0
90.04,100.0,100.0,100.0,100.0,100.0
90.09,100.0,100.0,100.0,100.0,100.0
90.14,100.0,100.0,100.0,100.0,100.0
90.19,100.0,100.0,100.0,100.0,100.0
90.23,100.0,100.0,100.0,100.0,100.0
90.28,100.0,100.0,100.0,100.0,100.0
90.33,100.0,100.0,100.0,100.0,100.0
90.38,100.0,100.0,100.0,100.0,100.0
90.43,100.0,100.0,100.0,100.0,100.0
90.47,100.0,100.0,100.0,100.0,100.0
90.52,100.0,100.0,100.0,100.0,100.0
90.57,100.0,100.0,100.0,100.0,100.0
90.62,100.0,100.0,100.0,100.0,100.0
90.67,100.0,100.0,100.0,100.0,100.0
90.71,100.0,100.0,100.0,100.0,100.0
90.76,100.0,100.0,100.0,100.0,100.0
90.81,100.0,100.0,100.0,100.0,100.0
90.86,100.0,100.0,100.0,100.0,100.0
90.9,100.0,100.0,100.0,100.0,100.0
90.95,100.0,100.0,100.0,100.0,100.0
91.0,100.0,100.0,100.0,100.0,100.0
91.05,100.0,100.0,100.0,100.0,100.0
91.1,100.0,100.0,100.0,100.0,100.0
91.14,100.0,100.0,100.0,100.0,100.0
91.19,100.0,100.0,100.0,100.0,100.0
91.24,100.0,100.0,100.0,100.0,100.0
91.29,100.0,100.0,100.0,100.0,100.0
91.34,100.0,100.0,100.0,100.0,100.0
91.38,100.0,100.0,100.0,100.0,100.0
91.43,100.0,100.0,100.0,100.0,100.0
91.48,100.0,100.0,100.0,100.0,100.0
91.53,100.0,100.0,100.0,100.0,100.0
91.57,100.0,100.0,100.0,100.0,100.0
91.62,100.0,100.0,100.0,100.0,100.0
91.67,100.0,100.0,100.0,100.0,100.0
91.72,100.0,100.0,100.0,100.0,100.0
91.77,100.0,100.0,100.0,100.0,100.0
91.81,100.0,100.0,100.0,100.0,100.0
91.86,100.0,100.0,100.0,100.0,100.0
91.91,100.0,100.0,100.0,100.0,100.0
91.96,100.0,100.0,100.0,100.0,100.0
92.01,100.0,100.0,100.0,100.0,100.0
92.05,100.0,100.0,100.0,100.0,100.0
92.1,100.0,100.0,100.0,100.0,100.0
92.15,100.0,100.0,100.0,100.0,100.0
92.2,100.0,100.0,100.0,100.0,100.0
92.25,100.0,100.0,100.0,100.0,100.0
92.29,100.0,100.0,100.0,100.0,100.0
92.34,100.0,100.0,100.0,100.0,100.0
92.39,100.0,100.0,100.0,100.0,100.0
92.44,100.0,100.0,100.0,100.0,100.0
92.48,100.0,100.0,100.0,100.0,100.0
92.53,100.0,100.0,100.0,100.0,100.0
92.58,100.0,100.0,100.0,100.0,100.0
92.63,100.0,100.0,100.0,100.0,100.0
92.68,100.0,100.0,100.0,100.0,100.0
92.72,100.0,100.0,100.0,100.0,100.0
92.77,100.0,100.0,100.0,100.0,100.0
92.82,100.0,100.0,100.0,100.0,100.0
92.87,100.0,100.0,100.0,100.0,100.0
92.92,100.0,100.0,100.0,100.0,100.0
92.96,100.0,100.0,100.0,100.0,100.0
93.01,100.0,100.0,100.0,100.0,100.0
93.06,100.0,100.0,100.0,100.0,100.0
93.11,100.0,100.0,100.0,100.0,100.0
93.15,100.0,100.0,100.0,100.0,100.0
93.2,100.0,100.0,100.0,100.0,100.0
93.25,100.0,100.0,100.0,100.0,100.0
93.3,100.0,100.0,100.0,100.0,100.0
93.35,100.0,100.0,100.0,100.0,100.0
93.39,100.0,100.0,100.0,100.0,100.0
93.44,100.0,100.0,100.0,100.0,100.0
93.49,100.0,100.0,100.0,100.0,100.0
93.54,100.0,100.0,100.0,100.0,100.0
93.59,100.0,100.0,100.0,100.0,100.0
93.63,100.0,100.0,100.0,100.0,100.0
93.68,100.0,100.0,100.0,100.0,100.0
93.73,100.0,100.0,100.0,100.0,100.0
93.78,100.0,100.0,100.0,100.0,100.0
93.82,100.0,100.0,100.0,100.0,100.0
93.87,100.0,100.0,100.0,100.0,100.0
93.92,100.0,100.0,100.0,100.0,100.0
93.97,100.0,100.0,100.0,100.0,100.0
94.02,100.0,100.0,100.0,100.0,100.0
94.06,100.0,100.0,100.0,100.0,100.0
94.11,100.0,100.0,100.0,100.0,100.0
94.16,100.0,100.0,100.0,100.0,100.0
94.21,100.0,100.0,100.0,100.0,100.0
94.26,100.0,100.0,100.0,100.0,100.0
94.3,100.0,100.0,100.0,100.0,100.0
94.35,100.0,100.0,100.0,100.0,100.0
94.4,100.0,100.0,100.0,100.0,100.0
94.45,100.0,100.0,100.0,100.0,100.0
94.49,100.0,100.0,100.0,100.0,100.0
94.54,100.0,100.0,100.0,100.0,100.0
94.59,100.0,100.0,100.0,100.0,100.0
94.64,100.0,100.0,100.0,100.0,100.0
94.69,100.0,100.0,100.0,100.0,100.0
94.73,100.0,100.0,100.0,100.0,100.0
94.78,100.0,100.0,100.0,100.0,100.0
94.83,100.0,100.0,100.0,100.0,100.0
94.88,100.0,100.0,100.0,100.0,100.0
94.93,100.0,100.0,100.0,100.0,100.0
94.97,100.0,100.0,100.0,100.0,100.0
95.02,100.0,100.0,100.0,100.0,100.0
95.07,100.0,100.0,100.0,100.0,100.0
95.12,100.0,100.0,100.0,100.0,100.0
95.17,100.0,100.0,100.0,100.0,100.0
95.21,100.0,100.0,100.0,100.0,100.0
95.26,100.0,100.0,100.0,100.0,100.0
95.31,100.0,100.0,100.0,100.0,100.0
95.36,100.0,100.0,100.0,100.0,100.0
95.4,100.0,100.0,100.0,100.0,100.0
95.45,100.0,100.0,100.0,100.0,100.0
95.5,100.0,100.0,100.0,100.0,100.0
95.55,100.0,100.0,100.0,100.0,100.0
95.6,100.0,100.0,100.0,100.0,100.0
95.64,100.0,100.0,100.0,100.0,100.0
95.69,100.0,100.0,100.0,100.0,100.0
95.74,100.0,100.0,100.0,100.0,100.0
95.79,100.0,100.0,100.0,100.0,100.0
95.84,100.0,100.0,100.0,100.0,100.0
95.88,100.0,100.0,100.0,100.0,100.0
95.93,100.0,100.0,100.0,100.0,100.0
95.98,100.0,100.0,100.0,100.0,100.0
96.03,100.0,100.0,100.0,100.0,100.0
96.07,100.0,100.0,100.0,100.0,100.0
96.12,100.0,100.0,100.0,100.0,100.0
96.17,100.0,100.0,100.0,100.0,100.0
96.22,100.0,100.0,100.0,100.0,100.0
96.27,100.0,100.0,100.0,100.0,100.0
96.31,100.0,100.0,100.0,100.0,100.0
96.36,100.0,100.0,100.0,100.0,100.0
96.41,100.0,100.0,100.0,100.0,100.0
96.46,100.0,100.0,100.0,100.0,100.0
96.51,100.0,100.0,100.0,100.0,100.0
96.55,100.0,100.0,100.0,100.0,100.0
96.6,100.0,100.0,100.0,100.0,100.0
96.65,100.0,100.0,100.0,100.0,100.0
96.7,100.0,100.0,100.0,100.0,100.0
96.74,100.0,100.0,100.0,100.0,100.0
96.79,100.0,100.0,100.0,100.0,100.0
96.84,100.0,100.0,100.0,100.0,100.0
96.89,100.0,100.0,100.0,100.0,100.0
96.94,100.0,100.0,100.0,100.0,100.0
96.98,100.0,100.0,100.0,100.0,100.0
97.03,100.0,100.0,100.0,100.0,100.0
97.08,100.0,100.0,100.0,100.0,100.0
97.13,100.0,100.0,100.0,100.0,100.0
97.18,100.0,100.0,100.0,100.0,100.0
97.22,100.0,100.0,100.0,100.0,100.0
97.27,100.0,100.0,100.0,100.0,100.0
97.32,100.0,100.0,100.0,100.0,100.0
97.37,100.0,100.0,100.0,100.0,100.0
97.42,100.0,100.0,100.0,100.0,100.0
97.46,100.0,100.0,100.0,100.0,100.0
97.51,100.0,100.0,100.0,100.0,100.0
97.56,100.0,100.0,100.0,100.0,100.0
97.61,100.0,100.0,100.0,100.0,100.0
97.65,100.0,100.0,100.0,100.0,100.0
97.7,100.0,100.0,100.0,100.0,100.0
97.75,100.0,100.0,100.0,100.0,100.0
97.8,100.0,100.0,100.0,100.0,100.0
97.85,100.0,100.0,100.0,100.0,100.0
97.89,100.0,100.0,100.0,100.0,100.0
97.94,100.0,100.0,100.0,100.0,100.0
97.99,100.0,100.0,100.0,100.0,100.0
98.04,100.0,100.0,100.0,100.0,100.0
98.09,100.0,100.0,100.0,100.0,100.0
98.13,100.0,100.0,100.0,100.0,100.0
98.18,100.0,100.0,100.0,100.0,100.0
98.23,100.0,100.0,100.0,100.0,100.0
98.28,100.0,100.0,100.0,100.0,100.0
98.32,100.0,100.0,100.0,100.0,100.0
98.37,100.0,100.0,100.0,100.0,100.0
98.42,100.0,100.0,100.0,100.0,100.0
98.47,100.0,100.0,100.0,100.0,100.0
98.52,100.0,100.0,100.0,100.0,100.0
98.56,100.0,100.0,100.0,100.0,100.0
98.61,100.0,100.0,100.0,100.0,100.0
98.66,100.0,100.0,100.0,100.0,100.0
98.71,100.0,100.0,100.0,100.0,100.0
98.76,100.0,100.0,100.0,100.0,100.0
98.8,100.0,100.0,100.0,100.0,100.0
98.85,100.0,100.0,100.0,100.0,100.0
98.9,100.0,100.0,100.0,100.0,100.0
98.95,100.0,100.0,100.0,100.0,100.0
98.99,100.0,100.0,100.0,100.0,100.0
99.04,100.0,100.0,100.0,100.0,100.0
99.09,100.0,100.0,100.0,100.0,100.0
99.14,100.0,100.0,100.0,100.0,100.0
99.19,100.0,100.0,100.0,100.0,100.0
99.23,100.0,100.0,100.0,100.0,100.0
99.28,100.0,100.0,100.0,100.0,100.0
99.33,100.0,100.0,100.0,100.0,100.0
99.38,100.0,100.0,100.0,100.0,100.0
99.43,100.0,100.0,100.0,100.0,100.0
99.47,100.0,100.0,100.0,100.0,100.0
99.52,100.0,100.0,100.0,100.0,100.0
99.57,100.0,100.0,100.0,100.0,100.0
99.62,100.0,100.0,100.0,100.0,100.0
99.66,100.0,100.0,100.0,100.0,100.0
99.71,100.0,100.0,100.0,100.0,100.0
99.76,100.0,100.0,100.0,100.0,100.0
99.81,100.0,100.0,100.0,100.0,100.0
99.86,100.0,100.0,100.0,100.0,100.0
99.9,100.0,100.0,100.0,100.0,100.0
99.95,100.0,100.0,100.0,100.0,100.0
100.0,100.0,100.0,100.0,100.0,100.0
